20200308,曼哈顿河滨公园中的圣女贞德纪念碑 ,http://cn.bing.com//th?id=OHR.JoanNYC_ZH-CN1501350561_1920x1080.jpg&rf=LaDigue_1920x1080.jpg&pid=hp
20200309,克拉克湖国家公园中一只休憩的灰熊幼崽，阿拉斯加库克湾 ,http://cn.bing.com//th?id=OHR.SnoozyTheBear_ZH-CN1561515228_1920x1080.jpg&rf=LaDigue_1920x1080.jpg&pid=hp
20200310,加拿大恶地里石窟上方的银河，加拿大亚伯达省德拉姆黑勒 ,http://cn.bing.com//th?id=OHR.DrumhellerBadlands_ZH-CN3069391817_1920x1080.jpg&rf=LaDigue_1920x1080.jpg&pid=hp
20200311,瓦普斯克国家公园内向洞穴外张望的北极熊幼崽，加拿大马尼托巴 ,http://cn.bing.com//th?id=OHR.CubsEmerge_ZH-CN1697031244_1920x1080.jpg&rf=LaDigue_1920x1080.jpg&pid=hp
20200312,西耶斯塔海滩鸟瞰图，佛罗里达西耶斯塔岛 ,http://cn.bing.com//th?id=OHR.SiestaKey_ZH-CN1759696989_1920x1080.jpg&rf=LaDigue_1920x1080.jpg&pid=hp
20200313,泰河畔伊尔的Les Orgues，法国北加泰罗尼亚 ,http://cn.bing.com//th?id=OHR.FrenchColorado_ZH-CN9446885520_1920x1080.jpg&rf=LaDigue_1920x1080.jpg&pid=hp
20200315,缅因州达马里斯科塔地区的佩马基德灯塔 ,http://cn.bing.com//th?id=OHR.MetamorphicRocks_ZH-CN9753251368_1920x1080.jpg&rf=LaDigue_1920x1080.jpg&pid=hp
20200316,克卢恩国家公园里的凯瑟琳湖和沃辛顿山，育空 ,http://cn.bing.com//th?id=OHR.YukonGames_ZH-CN0135612170_1920x1080.jpg&rf=LaDigue_1920x1080.jpg&pid=hp
20200317,纽格兰奇墓，爱尔兰博因河谷 ,http://cn.bing.com//th?id=OHR.Knowth_ZH-CN0295374506_1920x1080.jpg&rf=LaDigue_1920x1080.jpg&pid=hp
20200318,藏红花 ,http://cn.bing.com//th?id=OHR.KeichitsuCrocuse_ZH-CN1061292366_1920x1080.jpg&rf=LaDigue_1920x1080.jpg&pid=hp
20200319,柬埔寨吴哥窟的日出 ,http://cn.bing.com//th?id=OHR.EquinoxAngkor_ZH-CN1157590532_1920x1080.jpg&rf=LaDigue_1920x1080.jpg&pid=hp
20200320,一只苍鹭栖息在加利福尼亚索尔顿海的木桩上 ,http://cn.bing.com//th?id=OHR.SaltonSea_ZH-CN1265210111_1920x1080.jpg&rf=LaDigue_1920x1080.jpg&pid=hp
20200321,Loughrigg Tarn的日出，英国英格兰湖区安布尔塞德 ,http://cn.bing.com//th?id=OHR.LoughriggTarn_ZH-CN1404327665_1920x1080.jpg&rf=LaDigue_1920x1080.jpg&pid=hp
20200324,黄喉蜂虎，西班牙埃斯特雷马杜拉 ,http://cn.bing.com//th?id=OHR.SpainBeeEaters_ZH-CN2414526119_1920x1080.jpg&rf=LaDigue_1920x1080.jpg&pid=hp
20200325,拉德克利夫图书馆，英国牛津 ,http://cn.bing.com//th?id=OHR.RadcliffeCamera_ZH-CN2499323035_1920x1080.jpg&rf=LaDigue_1920x1080.jpg&pid=hp
20200326,鸟瞰蒙特雷附近的大苏尔海岸线，加利福尼亚州 ,http://cn.bing.com//th?id=OHR.NoCaliCoast_ZH-CN2604627519_1920x1080.jpg&rf=LaDigue_1920x1080.jpg&pid=hp
20200327,在玉兰种植园里盛开的杜鹃花，南卡罗来纳州查尔斯顿 ,http://cn.bing.com//th?id=OHR.CharlestonAzaleas_ZH-CN3924268565_1920x1080.jpg&rf=LaDigue_1920x1080.jpg&pid=hp
20200328,悬崖边的福门托尔角灯塔，西班牙马略卡岛 ,http://cn.bing.com//th?id=OHR.FormentorHolidays_ZH-CN3392936755_1920x1080.jpg&rf=LaDigue_1920x1080.jpg&pid=hp
20200329,一只经受暴风雨的冠山雀，苏格兰 ,http://cn.bing.com//th?id=OHR.BorrowingDays_ZH-CN3558219803_1920x1080.jpg&rf=LaDigue_1920x1080.jpg&pid=hp
20200330,中央公园，纽约 ,http://cn.bing.com//th?id=OHR.WalkingCentral_ZH-CN6818231087_1920x1080.jpg&rf=LaDigue_1920x1080.jpg&pid=hp
20200331,连接巴林托伊附近两处悬崖的Carrick-a-Rede索桥，北爱尔兰安特里姆 ,http://cn.bing.com//th?id=OHR.CarrickSpring_ZH-CN7085146237_1920x1080.jpg&rf=LaDigue_1920x1080.jpg&pid=hp
20200401,马拉克勒国家公园中一只隐身的chia象，南非林波波河 ,http://cn.bing.com//th?id=OHR.ShyGuy_ZH-CN7391687938_1920x1080.jpg&rf=LaDigue_1920x1080.jpg&pid=hp
20200403,维多利亚瀑布上的彩虹，赞比亚 ,http://cn.bing.com//th?id=OHR.PlaceofRainbows_ZH-CN7878813025_1920x1080.jpg&rf=LaDigue_1920x1080.jpg&pid=hp
20200404,【今日清明】哀悼为抗击新冠肺炎牺牲的烈士和逝世的同胞 ,http://cn.bing.com//th?id=OHR.QingmingCandle2020_ZH-CN2729283235_1920x1080.jpg&rf=LaDigue_1920x1080.jpg&pid=hp
20200405,基西米湖中的绿色树蛙和紫色睡莲，佛罗里达州 ,http://cn.bing.com//th?id=OHR.KissimmeeFrog_ZH-CN8379824947_1920x1080.jpg&rf=LaDigue_1920x1080.jpg&pid=hp
20200407,四月的满月从圣迈克尔山上升起，英国康沃尔 ,http://cn.bing.com//th?id=OHR.PinkMoon_ZH-CN9026483067_1920x1080.jpg&rf=LaDigue_1920x1080.jpg&pid=hp
20200409,巴芬岛附近的一群独角鲸，加拿大努纳武特 ,http://cn.bing.com//th?id=OHR.UnicornoftheSea_ZH-CN2949385175_1920x1080.jpg&rf=LaDigue_1920x1080.jpg&pid=hp
20200410,大熊雨林中一只柯莫德熊幼崽跟它的同胞挤在一起，加拿大 ,http://cn.bing.com//th?id=OHR.SpiritSiblings_ZH-CN7023585837_1920x1080.jpg&rf=LaDigue_1920x1080.jpg&pid=hp
20200411,拉斯梅德拉斯的古罗马金矿遗址，西班牙莱昂 ,http://cn.bing.com//th?id=OHR.LasMedulasMine_ZH-CN7176415270_1920x1080.jpg&rf=LaDigue_1920x1080.jpg&pid=hp
20200412,柏林亚历山大广场的复活节装饰 ,http://cn.bing.com//th?id=OHR.EastereggsBerlin_ZH-CN7293755224_1920x1080.jpg&rf=LaDigue_1920x1080.jpg&pid=hp
20200413,Wat Chaloem Phra Kiat Phrachomklao Rachanusorn的浮庙，泰国南邦,http://cn.bing.com//th?id=OHR.WatChaloem_ZH-CN8722271527_1920x1080.jpg&rf=LaDigue_1920x1080.jpg&pid=hp
20200414,伊斯塔帕海岸的热带斑海豚，墨西哥,http://cn.bing.com//th?id=OHR.BWFlipper_ZH-CN1813139386_1920x1080.jpg&rf=LaDigue_1920x1080.jpg&pid=hp
20200415,Bhagsu的热带瀑布，印度喜马偕尔邦,http://cn.bing.com//th?id=OHR.HimachalFalls_ZH-CN2187203976_1920x1080.jpg&rf=LaDigue_1920x1080.jpg&pid=hp
20200416,天生桥国家保护区中的sipapu桥，犹他州,http://cn.bing.com//th?id=OHR.NBNMSipapu_ZH-CN2293681419_1920x1080.jpg&rf=LaDigue_1920x1080.jpg&pid=hp
20200417,阿尔冈金省立公园中一只正在树枝上休息的披肩鸡 ，加拿大安大略省,http://cn.bing.com//th?id=OHR.AlgonquinGrouse_ZH-CN2514966091_1920x1080.jpg&rf=LaDigue_1920x1080.jpg&pid=hp
20200418,优胜美地国家公园中的春季瀑布,http://cn.bing.com//th?id=OHR.VernalFalls_ZH-CN2664125316_1920x1080.jpg&rf=LaDigue_1920x1080.jpg&pid=hp
20200419,内斯特角灯塔上空的银河 ，苏格兰斯凯岛,http://cn.bing.com//th?id=OHR.NeistPoint_ZH-CN3115403132_1920x1080.jpg&rf=LaDigue_1920x1080.jpg&pid=hp
20200420,Micheldever Wood的蓝铃花，英国汉普郡,http://cn.bing.com//th?id=OHR.BluebellWood_ZH-CN8128422960_1920x1080.jpg&rf=LaDigue_1920x1080.jpg&pid=hp
20200421,黄石国家公园的大棱镜泉，怀俄明州,http://cn.bing.com//th?id=OHR.GPS_ZH-CN5160095061_1920x1080.jpg&rf=LaDigue_1920x1080.jpg&pid=hp
20200422,怀波瓦森林中一棵名为Te Matua Ngahere的巨型贝壳杉树 ，新西兰北地,http://cn.bing.com//th?id=OHR.KauriTree_ZH-CN3695568740_1920x1080.jpg&rf=LaDigue_1920x1080.jpg&pid=hp
20200423,正在游水的雄性王绒鸭，挪威特罗姆斯-芬马克郡,http://cn.bing.com//th?id=OHR.KingEider_ZH-CN3559595357_1920x1080.jpg&rf=LaDigue_1920x1080.jpg&pid=hp
20200424,由哈勃太空望远镜拍摄的大麦哲伦星云,http://cn.bing.com//th?id=OHR.MegellanicCloud_ZH-CN5132305226_1920x1080.jpg&rf=LaDigue_1920x1080.jpg&pid=hp
20200425,福克兰群岛上的南跳岩企鹅,http://cn.bing.com//th?id=OHR.FalklandRockhoppers_ZH-CN5370686595_1920x1080.jpg&rf=LaDigue_1920x1080.jpg&pid=hp
20200426,红宝石海滩的日落，华盛顿州奥林匹克国家公园,http://cn.bing.com//th?id=OHR.RubySunset_ZH-CN5544596519_1920x1080.jpg&rf=LaDigue_1920x1080.jpg&pid=hp
20200427,一只南美貘幼崽小跑着穿过草地,http://cn.bing.com//th?id=OHR.SouthAmericanTapir_ZH-CN6151058361_1920x1080.jpg&rf=LaDigue_1920x1080.jpg&pid=hp
20200428,索尔伯里大教堂与放牧的羊群，英格兰,http://cn.bing.com//th?id=OHR.SalisburyCathedral_ZH-CN6366350896_1920x1080.jpg&rf=LaDigue_1920x1080.jpg&pid=hp
20200429,普尔曼附近的帕卢斯一辆拖拉机在耕作时扬起尘土，华盛顿州,http://cn.bing.com//th?id=OHR.PalouseSpring_ZH-CN6803103328_1920x1080.jpg&rf=LaDigue_1920x1080.jpg&pid=hp
20200430,极北朱顶雀的巢，芬兰拉普兰,http://cn.bing.com//th?id=OHR.ArcticRedpoll_ZH-CN7968973967_1920x1080.jpg&rf=LaDigue_1920x1080.jpg&pid=hp
20200501,达恩附近普法尔茨森林中的Altdahn城堡，德国莱茵兰-普法尔茨,http://cn.bing.com//th?id=OHR.BurgAltdahn_ZH-CN8281669977_1920x1080.jpg&rf=LaDigue_1920x1080.jpg&pid=hp
20200502,Kalaat M'Gouna的古堡遗址，摩洛哥,http://cn.bing.com//th?id=OHR.KasbahRoses_ZH-CN8429310380_1920x1080.jpg&rf=LaDigue_1920x1080.jpg&pid=hp
20200503,琼斯海滩的雪^，纽约长岛,http://cn.bing.com//th?id=OHR.LaughingOwl_ZH-CN8548558025_1920x1080.jpg&rf=LaDigue_1920x1080.jpg&pid=hp
20200504,乌尤尼盐沼，玻利维亚,http://cn.bing.com//th?id=OHR.LastJedi_ZH-CN8789881870_1920x1080.jpg&rf=LaDigue_1920x1080.jpg&pid=hp
20200505,正在照看花草的孩子和祖父铜雕，西班牙科尔多瓦,http://cn.bing.com//th?id=OHR.CordovanCourts_ZH-CN8989880218_1920x1080.jpg&rf=LaDigue_1920x1080.jpg&pid=hp
20200506,库斯科附近萨克塞华曼的印加要塞，秘鲁,http://cn.bing.com//th?id=OHR.SiegeofCusco_ZH-CN9108219313_1920x1080.jpg&rf=LaDigue_1920x1080.jpg&pid=hp
20200507,印克斯湖国家公园中的德克萨斯矢车菊，德克萨斯州,http://cn.bing.com//th?id=OHR.WildflowerWeek_ZH-CN4593499387_1920x1080.jpg&rf=LaDigue_1920x1080.jpg&pid=hp
20200508,阿德莱德山的葡萄园，澳大利亚,http://cn.bing.com//th?id=OHR.AdelaideVineyard_ZH-CN8408417885_1920x1080.jpg&rf=LaDigue_1920x1080.jpg&pid=hp
20200509,一只停在树枝上的仓^,http://cn.bing.com//th?id=OHR.BarnOwlMigration_ZH-CN8579914070_1920x1080.jpg&rf=LaDigue_1920x1080.jpg&pid=hp
20200510,Rietvlei自然保护区内的布氏斑马母子，南非,http://cn.bing.com//th?id=OHR.ZebraMom_ZH-CN8693599520_1920x1080.jpg&rf=LaDigue_1920x1080.jpg&pid=hp
20200511,大提顿国家公园中的Old Patriarch Tree，怀俄明州,http://cn.bing.com//th?id=OHR.OldPatriarchTree_ZH-CN8818146190_1920x1080.jpg&rf=LaDigue_1920x1080.jpg&pid=hp
20200513,一只正在吃着百合花的驼鹿，缅因州米利诺基特,http://cn.bing.com//th?id=OHR.MooseWatching_ZH-CN9115714564_1920x1080.jpg&rf=LaDigue_1920x1080.jpg&pid=hp
20200516,南奥索峰的Lac d'Ayous小屋，法国,http://cn.bing.com//th?id=OHR.LacMidi_ZH-CN9682566554_1920x1080.jpg&rf=LaDigue_1920x1080.jpg&pid=hp
20200517,亨宁斯韦尔渔村的体育场，挪威诺尔兰郡,http://cn.bing.com//th?id=OHR.LofotenIslands_ZH-CN0114482586_1920x1080.jpg&rf=LaDigue_1920x1080.jpg&pid=hp
20200518,卡齐兰加国家公园的亚洲象群，印度阿萨姆邦,http://cn.bing.com//th?id=OHR.ElephantHerd_ZH-CN0652209931_1920x1080.jpg&rf=LaDigue_1920x1080.jpg&pid=hp
20200519,大烟山国家公园中的咆哮溪，田纳西州,http://cn.bing.com//th?id=OHR.RoaringFork_ZH-CN0315142196_1920x1080.jpg&rf=LaDigue_1920x1080.jpg&pid=hp
20200520,薰衣草田和蜂箱旁的向日葵地，法国普罗旺斯,http://cn.bing.com//th?id=OHR.LavenderBee_ZH-CN0499654521_1920x1080.jpg&rf=LaDigue_1920x1080.jpg&pid=hp
20200521,罂粟花丛中的欧洲狍,http://cn.bing.com//th?id=OHR.PoppyDeer_ZH-CN8317016056_1920x1080.jpg&rf=LaDigue_1920x1080.jpg&pid=hp
20200522,莱辛巴赫瀑布，瑞士伯尔尼高地,http://cn.bing.com//th?id=OHR.ReichenbachFalls_ZH-CN7578535270_1920x1080.jpg&rf=LaDigue_1920x1080.jpg&pid=hp
20200523,一只雄性黄腹彩龟,http://cn.bing.com//th?id=OHR.SunSalutation_ZH-CN7833986255_1920x1080.jpg&rf=LaDigue_1920x1080.jpg&pid=hp
20200524,Greenan迷宫，爱尔兰威克洛郡,http://cn.bing.com//th?id=OHR.GreenanMaze_ZH-CN7987019078_1920x1080.jpg&rf=LaDigue_1920x1080.jpg&pid=hp
20200525,郁金香田鸟瞰图，德国萨克森-安哈尔特,http://cn.bing.com//th?id=OHR.TulipFieldsDE_ZH-CN8685077552_1920x1080.jpg&rf=LaDigue_1920x1080.jpg&pid=hp
20200527,大沼泽地国家公园鸟瞰图,http://cn.bing.com//th?id=OHR.EvergladesShowers_ZH-CN9209435866_1920x1080.jpg&rf=LaDigue_1920x1080.jpg&pid=hp
20200528,结籽时的三花锦葵的长羽,http://cn.bing.com//th?id=OHR.OldManWhiskers_ZH-CN9321160932_1920x1080.jpg&rf=LaDigue_1920x1080.jpg&pid=hp
20200529,百慕大马利海滩鸟瞰图,http://cn.bing.com//th?id=OHR.MarleyBeach_ZH-CN0404372814_1920x1080.jpg&rf=LaDigue_1920x1080.jpg&pid=hp
20200530,圣克鲁斯河，阿根廷巴塔哥尼亚,http://cn.bing.com//th?id=OHR.SantaCruzRiver_ZH-CN0935957996_1920x1080.jpg&rf=LaDigue_1920x1080.jpg&pid=hp
20200531,同乞食的小狗在一起的灰狼，蒙大拿州,http://cn.bing.com//th?id=OHR.WolfPup_ZH-CN1074513906_1920x1080.jpg&rf=LaDigue_1920x1080.jpg&pid=hp
20200601,大堡礁，澳大利亚昆士兰,http://cn.bing.com//th?id=OHR.GreatReefDay_ZH-CN1185297376_1920x1080.jpg&rf=LaDigue_1920x1080.jpg&pid=hp
20200604,兰鲁斯特一座名为Pont Fawr的石拱桥，英国威尔士,http://cn.bing.com//th?id=OHR.PontFawr_ZH-CN1780190468_1920x1080.jpg&rf=LaDigue_1920x1080.jpg&pid=hp
20200605,同步发光萤火虫照亮了大烟山国家公园中的森林,http://cn.bing.com//th?id=OHR.SynchronousFireflies_ZH-CN6323931412_1920x1080.jpg&rf=LaDigue_1920x1080.jpg&pid=hp
20200606,锡安国家公园中的Walter's Wiggles小径，犹他州,http://cn.bing.com//th?id=OHR.WaltersWiggles_ZH-CN6928617440_1920x1080.jpg&rf=LaDigue_1920x1080.jpg&pid=hp
20200607,La Pertusa教堂，西班牙莱里达,http://cn.bing.com//th?id=OHR.LaPertusa_ZH-CN7227946330_1920x1080.jpg&rf=LaDigue_1920x1080.jpg&pid=hp
20200609,锯齿原野中的Baron湖，爱达荷州,http://cn.bing.com//th?id=OHR.BaronLakes_ZH-CN7541190370_1920x1080.jpg&rf=LaDigue_1920x1080.jpg&pid=hp
20200610,以圣保罗大教堂为背景的千禧桥，英国伦敦,http://cn.bing.com//th?id=OHR.WobblyBridge_ZH-CN7751845685_1920x1080.jpg&rf=LaDigue_1920x1080.jpg&pid=hp
20200611,格里博耶多夫运河和滴血救世主教堂，俄罗斯圣彼得堡,http://cn.bing.com//th?id=OHR.GriboyedovCanal_ZH-CN7887366015_1920x1080.jpg&rf=LaDigue_1920x1080.jpg&pid=hp
20200613,杜尔比河峡谷中的Moulin de Corp和小桥，法国Grands Causses自然公园,http://cn.bing.com//th?id=OHR.GrandsCausses_ZH-CN8463022683_1920x1080.jpg&rf=LaDigue_1920x1080.jpg&pid=hp
20200614,火灾烧毁大部分森林后，野花遍地的凯尔特河野营地,http://cn.bing.com//th?id=OHR.WildflowersBC_ZH-CN8732388724_1920x1080.jpg&rf=LaDigue_1920x1080.jpg&pid=hp
20200616,都柏林的圣斯蒂芬绿地，爱尔兰,http://cn.bing.com//th?id=OHR.StStephens_ZH-CN9373191410_1920x1080.jpg&rf=LaDigue_1920x1080.jpg&pid=hp
20200617,大峡谷哈瓦苏溪上的海狸瀑布，亚利桑那州,http://cn.bing.com//th?id=OHR.Havasupai_ZH-CN0016003195_1920x1080.jpg&rf=LaDigue_1920x1080.jpg&pid=hp
20200618,潘塔纳尔湿地中的裸颈鹳，巴西,http://cn.bing.com//th?id=OHR.JabiruStork_ZH-CN0218761234_1920x1080.jpg&rf=LaDigue_1920x1080.jpg&pid=hp
20200619,厄勒布鲁附近湖上的仲夏之光，瑞典,http://cn.bing.com//th?id=OHR.MidsummerEve_ZH-CN9981851207_1920x1080.jpg&rf=LaDigue_1920x1080.jpg&pid=hp
20200620,正在捕猎的丛林猫，印度,http://cn.bing.com//th?id=OHR.HuntingCat_ZH-CN6596392185_1920x1080.jpg&rf=LaDigue_1920x1080.jpg&pid=hp
20200621,一只带着幼崽的长胡子皇狨猴,http://cn.bing.com//th?id=OHR.BeardedTamarin_ZH-CN0250190365_1920x1080.jpg&rf=LaDigue_1920x1080.jpg&pid=hp
20200622,伯斯国家植物园针垫花上的一只雄性南方双领太阳鸟，南非开普敦,http://cn.bing.com//th?id=OHR.SouthernSunbird_ZH-CN0426670987_1920x1080.jpg&rf=LaDigue_1920x1080.jpg&pid=hp
20200623,公牛角，英国德文郡,http://cn.bing.com//th?id=OHR.BullPoint_ZH-CN0520993795_1920x1080.jpg&rf=LaDigue_1920x1080.jpg&pid=hp
20200624,鸟瞰希腊罗德岛岩石海岸上蓝白相间的遮阳伞,http://cn.bing.com//th?id=OHR.RhodesIsland_ZH-CN0674840850_1920x1080.jpg&rf=LaDigue_1920x1080.jpg&pid=hp
20200625,【今日端午】,http://cn.bing.com//th?id=OHR.duanwu2020_ZH-CN0965379603_1920x1080.jpg&rf=LaDigue_1920x1080.jpg&pid=hp
20200626,穆龙达瓦附近的格兰迪尔猴面包树林，马达加斯加,http://cn.bing.com//th?id=OHR.AdansoniaGrandidieri_ZH-CN1154912052_1920x1080.jpg&rf=LaDigue_1920x1080.jpg&pid=hp
20200627,Madonna della Corona教堂，意大利,http://cn.bing.com//th?id=OHR.MtBaldoSantuario_ZH-CN2301293454_1920x1080.jpg&rf=LaDigue_1920x1080.jpg&pid=hp
20200628,雾中的卡斯特诺城堡，法国佩里戈尔,http://cn.bing.com//th?id=OHR.FoggyCastle_ZH-CN6799694629_1920x1080.jpg&rf=LaDigue_1920x1080.jpg&pid=hp
20200629,索维拉附近摩洛哥坚果树上的山羊，摩洛哥,http://cn.bing.com//th?id=OHR.ArganGoats_ZH-CN5346845518_1920x1080.jpg&rf=LaDigue_1920x1080.jpg&pid=hp
20200630,Bojo河，菲律宾宿务,http://cn.bing.com//th?id=OHR.BojoRiver_ZH-CN5454106636_1920x1080.jpg&rf=LaDigue_1920x1080.jpg&pid=hp
20200701,班夫国家公园中莫兰湖的延时视频，加拿大艾伯塔省,http://cn.bing.com//th?id=OHR.LakeMoraineVideo_ZH-CN5910090911_1920x1080.jpg&rf=LaDigue_1920x1080.jpg&pid=hp
20200702,土耳其棉花堡附近希腊古城希拉波利斯的剧院鸟瞰图,http://cn.bing.com//th?id=OHR.HierapolisTurkey_ZH-CN6067183569_1920x1080.jpg&rf=LaDigue_1920x1080.jpg&pid=hp
20200703,卡拉哈里沙漠中的南非狐，南非,http://cn.bing.com//th?id=OHR.DogDays_ZH-CN8013834742_1920x1080.jpg&rf=LaDigue_1920x1080.jpg&pid=hp
20200704,栖息在向日葵上的一只小猫头鹰，西班牙加的斯,http://cn.bing.com//th?id=OHR.OwlSunflowers_ZH-CN8154999485_1920x1080.jpg&rf=LaDigue_1920x1080.jpg&pid=hp
20200705,楠塔基特岛大点灯塔，麻萨诸塞州,http://cn.bing.com//th?id=OHR.NantucketIsland_ZH-CN8295645754_1920x1080.jpg&rf=LaDigue_1920x1080.jpg&pid=hp
20200706,堪察加半岛上的扎尔巴奇克火山，俄罗斯,http://cn.bing.com//th?id=OHR.Kamchatka_ZH-CN8647931935_1920x1080.jpg&rf=LaDigue_1920x1080.jpg&pid=hp
20200707,卡洛里盆地的合成全彩图，水星,http://cn.bing.com//th?id=OHR.CalorisMDIS_ZH-CN8904275746_1920x1080.jpg&rf=LaDigue_1920x1080.jpg&pid=hp
20200708,在沙滩上休息的灰海豹幼崽，英国Blakeney Point自然保护区,http://cn.bing.com//th?id=OHR.NorfolkPups_ZH-CN0794024596_1920x1080.jpg&rf=LaDigue_1920x1080.jpg&pid=hp
20200709,位于科罗拉多南部圣胡安山脉的美国盆地,http://cn.bing.com//th?id=OHR.ColoradoColumbine_ZH-CN0901580141_1920x1080.jpg&rf=LaDigue_1920x1080.jpg&pid=hp
20200710,雷西亚湖上的钟楼 ，意大利博尔扎诺,http://cn.bing.com//th?id=OHR.BellTowerItaly_ZH-CN1011281003_1920x1080.jpg&rf=LaDigue_1920x1080.jpg&pid=hp
20200711,Bàu Cá Cái的红树林，越南广义,http://cn.bing.com//th?id=OHR.MangroveForest_ZH-CN1141787046_1920x1080.jpg&rf=LaDigue_1920x1080.jpg&pid=hp
20200712,埃热泽尔斯湖面上的波纹，拉脱维亚拉特加尔地区,http://cn.bing.com//th?id=OHR.WaterRipplesVideo_ZH-CN8790763092_1920x1080.jpg&rf=LaDigue_1920x1080.jpg&pid=hp
20200713,奥林匹克国家公园中的可可西里雨林，华盛顿州,http://cn.bing.com//th?id=OHR.SunnyRainforest_ZH-CN1412617420_1920x1080.jpg&rf=LaDigue_1920x1080.jpg&pid=hp
20200714,巴黎的先贤祠，法国,http://cn.bing.com//th?id=OHR.PantheonParis_ZH-CN1546295756_1920x1080.jpg&rf=LaDigue_1920x1080.jpg&pid=hp
20200715,被洪水淹没的温彻斯特大教堂地下室，英国汉普郡,http://cn.bing.com//th?id=OHR.WinchesterCrypt_ZH-CN1683778044_1920x1080.jpg&rf=LaDigue_1920x1080.jpg&pid=hp
20200716,北太平洋弗雷德里克海峡中的座头鲸冲出海面，阿拉斯加,http://cn.bing.com//th?id=OHR.FrederickSound_ZH-CN1838908749_1920x1080.jpg&rf=LaDigue_1920x1080.jpg&pid=hp
20200717,笑脸热气球,http://cn.bing.com//th?id=OHR.HappyBalloon_ZH-CN0324866466_1920x1080.jpg&rf=LaDigue_1920x1080.jpg&pid=hp
20200718,九斑蛾，瑞士,http://cn.bing.com//th?id=OHR.NineSpotted_ZH-CN0422284522_1920x1080.jpg&rf=LaDigue_1920x1080.jpg&pid=hp
20200719,大运河和安康圣母圣殿，意大利威尼斯,http://cn.bing.com//th?id=OHR.GrandCanalGondolas_ZH-CN0542933448_1920x1080.jpg&rf=LaDigue_1920x1080.jpg&pid=hp
20200721,迪南镇和默兹河，比利时纳穆尔,http://cn.bing.com//th?id=OHR.DinantBelgium_ZH-CN0913727176_1920x1080.jpg&rf=LaDigue_1920x1080.jpg&pid=hp
20200722,日落时分正在迁徙的斑纹角马群，肯尼亚马赛马拉野生动物保护区,http://cn.bing.com//th?id=OHR.RedBlueWildebeest_ZH-CN1024893552_1920x1080.jpg&rf=LaDigue_1920x1080.jpg&pid=hp
20200723,巨人堤道，英国北爱尔兰布什米尔斯,http://cn.bing.com//th?id=OHR.CausewayStones_ZH-CN2070328388_1920x1080.jpg&rf=LaDigue_1920x1080.jpg&pid=hp
20200724,南非卡帕马私人野生动物保护区的大象,http://cn.bing.com//th?id=OHR.KapamaCousins_ZH-CN2164304882_1920x1080.jpg&rf=LaDigue_1920x1080.jpg&pid=hp
20200725,迪斯科湾，格陵兰岛伊卢利萨特,http://cn.bing.com//th?id=OHR.RedSailboat_ZH-CN2386102503_1920x1080.jpg&rf=LaDigue_1920x1080.jpg&pid=hp
20200726,云下的麦田，西班牙巴利亚多利德,http://cn.bing.com//th?id=OHR.WheatCastilla_ZH-CN2814576294_1920x1080.jpg&rf=LaDigue_1920x1080.jpg&pid=hp
20200727,圣路易斯波托西州的Tamul瀑布，墨西哥,http://cn.bing.com//th?id=OHR.AerialTamul_ZH-CN3164679201_1920x1080.jpg&rf=LaDigue_1920x1080.jpg&pid=hp
20200728,澳大利亚哈梅林浦,http://cn.bing.com//th?id=OHR.HamelinPool_ZH-CN3309979763_1920x1080.jpg&rf=LaDigue_1920x1080.jpg&pid=hp
20200801,一艘游船经过时熔岩流撞击水面产生爆炸，夏威夷火山国家公园,http://cn.bing.com//th?id=OHR.LavaShip_ZH-CN3924445486_1920x1080.jpg&rf=LaDigue_1920x1080.jpg&pid=hp
20200802,马焦雷湖畔的贝拉岛 ，意大利皮埃蒙特,http://cn.bing.com//th?id=OHR.IsolaBella_ZH-CN4031046209_1920x1080.jpg&rf=LaDigue_1920x1080.jpg&pid=hp
20200804,威斯康星州的白尾母鹿和小鹿,http://cn.bing.com//th?id=OHR.VirginiaDeer_ZH-CN4255528182_1920x1080.jpg&rf=LaDigue_1920x1080.jpg&pid=hp
20200805,Notojima岛附近的牡蛎养殖场，日本石川县,http://cn.bing.com//th?id=OHR.OysterFarm_ZH-CN4398895232_1920x1080.jpg&rf=LaDigue_1920x1080.jpg&pid=hp
20200806,通往海滩的木板路，德国叙尔特岛,http://cn.bing.com//th?id=OHR.SyltWenningstedt_ZH-CN4548332628_1920x1080.jpg&rf=LaDigue_1920x1080.jpg&pid=hp
20200807,汤加海岸正要拥抱妈妈的小座头鲸,http://cn.bing.com//th?id=OHR.WhaleHug_ZH-CN4817763567_1920x1080.jpg&rf=LaDigue_1920x1080.jpg&pid=hp
20200808,鸟瞰戈梅拉岛上管风琴形状的玄武岩，西班牙加那利群岛,http://cn.bing.com//th?id=OHR.LosOrganos_ZH-CN5283582047_1920x1080.jpg&rf=LaDigue_1920x1080.jpg&pid=hp
20200809,森火山国家公园中的拉森峰，加利福尼亚,http://cn.bing.com//th?id=OHR.LassenPeak_ZH-CN5435067682_1920x1080.jpg&rf=LaDigue_1920x1080.jpg&pid=hp
20200810,藏在高高的草丛中的狮子幼崽，博茨瓦纳卡拉哈里沙漠,http://cn.bing.com//th?id=OHR.LionDay_ZH-CN5594846597_1920x1080.jpg&rf=LaDigue_1920x1080.jpg&pid=hp
20200812,浦那的黄胸织布鸟鸟巢，马哈拉施特拉邦,http://cn.bing.com//th?id=OHR.WeaverBird_ZH-CN5935181847_1920x1080.jpg&rf=LaDigue_1920x1080.jpg&pid=hp
20200818,鸟瞰兰萨罗特岛的La Geria葡萄园，西班牙加那利群岛,http://cn.bing.com//th?id=OHR.LaGeria_ZH-CN7984061565_1920x1080.jpg&rf=LaDigue_1920x1080.jpg&pid=hp
20200828,伊夫城堡，法国马赛,http://cn.bing.com//th?id=OHR.MonteCristo_ZH-CN4343811693_1920x1080.jpg&rf=LaDigue_1920x1080.jpg&pid=hp
20200830,田里的干草捆，丹麦日德兰,http://cn.bing.com//th?id=OHR.MakeHay_ZH-CN5759590757_1920x1080.jpg&rf=LaDigue_1920x1080.jpg&pid=hp
20200831,阳光穿透加拉霍奈国家公园中的森林，西班牙戈梅拉岛,http://cn.bing.com//th?id=OHR.Garajonay_ZH-CN6136090113_1920x1080.jpg&rf=LaDigue_1920x1080.jpg&pid=hp
20200901,比利时的平菇,http://cn.bing.com//th?id=OHR.OysterMushroom_ZH-CN6265453153_1920x1080.jpg&rf=LaDigue_1920x1080.jpg&pid=hp
20200902,史密斯洛克州立公园，俄勒冈,http://cn.bing.com//th?id=OHR.SmithRock_ZH-CN6383276214_1920x1080.jpg&rf=LaDigue_1920x1080.jpg&pid=hp
20200903,陆家嘴金融贸易区，中国上海,http://cn.bing.com//th?id=OHR.FinancialTowers_ZH-CN6494148642_1920x1080.jpg&rf=LaDigue_1920x1080.jpg&pid=hp
20200904,一头公牛站在皮库山前的田野中，亚速尔群岛皮科岛,http://cn.bing.com//th?id=OHR.PicoIsland_ZH-CN6719354511_1920x1080.jpg&rf=LaDigue_1920x1080.jpg&pid=hp
20200905,锯齿国家森林里的海狸坝，爱达荷州,http://cn.bing.com//th?id=OHR.BeaverDam_ZH-CN6855160492_1920x1080.jpg&rf=LaDigue_1920x1080.jpg&pid=hp
20200906,莫尼博克湾的芦苇岛，纽约长岛,http://cn.bing.com//th?id=OHR.LongIsland_ZH-CN7089248815_1920x1080.jpg&rf=LaDigue_1920x1080.jpg&pid=hp
20200907,辉柏嘉展出的铅笔，德国施泰因,http://cn.bing.com//th?id=OHR.BleistifteFaber_ZH-CN7204563488_1920x1080.jpg&rf=LaDigue_1920x1080.jpg&pid=hp
20200908,瓦莱塔，马耳他,http://cn.bing.com//th?id=OHR.OttoSettembre_ZH-CN7378112626_1920x1080.jpg&rf=LaDigue_1920x1080.jpg&pid=hp
20200909,埃尔姆利国家自然保护区里的一只文须雀，英格兰肯特郡,http://cn.bing.com//th?id=OHR.BeardedReedling_ZH-CN7714158275_1920x1080.jpg&rf=LaDigue_1920x1080.jpg&pid=hp
20200910,Khuean Srinagarindra国家公园的Huay Mae Khamin瀑布，泰国,http://cn.bing.com//th?id=OHR.KanchanaburiWaterfall_ZH-CN7582684869_1920x1080.jpg&rf=LaDigue_1920x1080.jpg&pid=hp
20200911,日落时的多伦多天际线,http://cn.bing.com//th?id=OHR.TorontoSky_ZH-CN6932705886_1920x1080.jpg&rf=LaDigue_1920x1080.jpg&pid=hp
20200914,在食用黄钟花的红喉北蜂鸟，德克萨斯州丘陵地,http://cn.bing.com//th?id=OHR.YellowBells_ZH-CN7296699570_1920x1080.jpg&rf=LaDigue_1920x1080.jpg&pid=hp
20200915,日落时分中央海岸入口海滩上的救生员小屋，澳大利亚新南威尔士州,http://cn.bing.com//th?id=OHR.LifeguardEntrance_ZH-CN7394984988_1920x1080.jpg&rf=LaDigue_1920x1080.jpg&pid=hp
20200916,瓜纳华托，墨西哥,http://cn.bing.com//th?id=OHR.CityofGuanajuato_ZH-CN7559565626_1920x1080.jpg&rf=LaDigue_1920x1080.jpg&pid=hp
20200918,为圈羊节准备的冰岛羊,http://cn.bing.com//th?id=OHR.IcelandicRettir_ZH-CN7738923773_1920x1080.jpg&rf=LaDigue_1920x1080.jpg&pid=hp
20200919,瓦尔内明德的帆船，德国,http://cn.bing.com//th?id=OHR.PirateSails_ZH-CN7821037852_1920x1080.jpg&rf=LaDigue_1920x1080.jpg&pid=hp
20200920,海獭妈妈和新生的小狗，加利福尼亚蒙特雷湾,http://cn.bing.com//th?id=OHR.MontereyPup_ZH-CN7914017418_1920x1080.jpg&rf=LaDigue_1920x1080.jpg&pid=hp
20200921,斯塔德兰附近荒野上丛生的紫色和粉红色帚石楠，英国多塞特郡,http://cn.bing.com//th?id=OHR.DorsetHeather_ZH-CN8284282373_1920x1080.jpg&rf=LaDigue_1920x1080.jpg&pid=hp
20200922,马塔马塔附近的霍比特人村，新西兰北岛,http://cn.bing.com//th?id=OHR.Matamata_ZH-CN8111830275_1920x1080.jpg&rf=LaDigue_1920x1080.jpg&pid=hp
20200923,玄武湖公园的金色银杏叶，中国南京,http://cn.bing.com//th?id=OHR.GoldenGinkgo_ZH-CN8507013452_1920x1080.jpg&rf=LaDigue_1920x1080.jpg&pid=hp
20200924,为牛下山节（即把牛从高山牧场赶回）装饰的牛，奥地利坦海姆塔尔,http://cn.bing.com//th?id=OHR.Almabtrieb_ZH-CN8639425400_1920x1080.jpg&rf=LaDigue_1920x1080.jpg&pid=hp
20200925,洛阿雷城堡，西班牙韦斯卡,http://cn.bing.com//th?id=OHR.LoarreCastle_ZH-CN1136982025_1920x1080.jpg&rf=LaDigue_1920x1080.jpg&pid=hp
20200926,沃特金斯格伦州立公园的彩虹瀑布，纽约州北部芬格湖群,http://cn.bing.com//th?id=OHR.WatkinsGlen_ZH-CN1271268069_1920x1080.jpg&rf=LaDigue_1920x1080.jpg&pid=hp
20200927,温哥华东部的弗雷泽河和金耳朵山脉，加拿大不列颠哥伦比亚省,http://cn.bing.com//th?id=OHR.FraserRiver_ZH-CN1625992097_1920x1080.jpg&rf=LaDigue_1920x1080.jpg&pid=hp
20200928,北大西洋亚速尔群岛附近的大青鲨,http://cn.bing.com//th?id=OHR.GreatBlueShark_ZH-CN1757082635_1920x1080.jpg&rf=LaDigue_1920x1080.jpg&pid=hp
20200929,日内瓦湖岸上陡峭的拉沃葡萄园梯田，瑞士,http://cn.bing.com//th?id=OHR.Lavaux_ZH-CN1891785892_1920x1080.jpg&rf=LaDigue_1920x1080.jpg&pid=hp
20200930,莫尔国家公园中的天蚕蛾，加纳拉拉班加,http://cn.bing.com//th?id=OHR.LaragangaMoth_ZH-CN2013788793_1920x1080.jpg&rf=LaDigue_1920x1080.jpg&pid=hp
20201001,为庆祝中秋而摆放的灯笼，新加坡,http://cn.bing.com//th?id=OHR.SingaporeLanterns_ZH-CN2176251534_1920x1080.jpg&rf=LaDigue_1920x1080.jpg&pid=hp
20201002,从波迪安西之路的洛特谷中望向圣西尔克・拉波皮教堂，法国洛特,http://cn.bing.com//th?id=OHR.ThePopiePlace_ZH-CN2293461094_1920x1080.jpg&rf=LaDigue_1920x1080.jpg&pid=hp
20201003,布鲁克斯河中的棕熊，阿拉斯加卡特迈国家公园,http://cn.bing.com//th?id=OHR.FatBearWeek_ZH-CN2381854464_1920x1080.jpg&rf=LaDigue_1920x1080.jpg&pid=hp
20201004,木星及木卫一的蒙太奇图像,http://cn.bing.com//th?id=OHR.MontageJupiterIo_ZH-CN2512372897_1920x1080.jpg&rf=LaDigue_1920x1080.jpg&pid=hp
20201005,栖息在斯诺希尔岛的成年帝企鹅和幼崽，南极,http://cn.bing.com//th?id=OHR.PRookery_ZH-CN2608300981_1920x1080.jpg&rf=LaDigue_1920x1080.jpg&pid=hp
20201006,运城盐湖，中国山西,http://cn.bing.com//th?id=OHR.YunchengSaltLake_ZH-CN2717775996_1920x1080.jpg&rf=LaDigue_1920x1080.jpg&pid=hp
20201007,Restormel城堡上空的秋雾，英国康沃尔,http://cn.bing.com//th?id=OHR.RestormelCastle_ZH-CN2792284652_1920x1080.jpg&rf=LaDigue_1920x1080.jpg&pid=hp
20201008,棕榈滩的毯子章鱼，佛罗里达州,http://cn.bing.com//th?id=OHR.BlanketOctopus_ZH-CN2897003205_1920x1080.jpg&rf=LaDigue_1920x1080.jpg&pid=hp
20201009,大雾山国家公园中的咆哮叉，田纳西州,http://cn.bing.com//th?id=OHR.RoaringCascade_ZH-CN7814945705_1920x1080.jpg&rf=LaDigue_1920x1080.jpg&pid=hp
20201010,俯瞰正在飞越洛斯罗克斯群岛国家公园的美洲红鹳，委内瑞拉,http://cn.bing.com//th?id=OHR.AmericanFlyer_ZH-CN7955219009_1920x1080.jpg&rf=LaDigue_1920x1080.jpg&pid=hp
20201011,格加尔德修道院，亚美尼亚,http://cn.bing.com//th?id=OHR.GeghardMonastery_ZH-CN8114246142_1920x1080.jpg&rf=LaDigue_1920x1080.jpg&pid=hp
20201012,堡垒山上的珀纳里城堡，法加拉斯山,罗马尼亚,http://cn.bing.com//th?id=OHR.MountCetatea_ZH-CN1440163984_1920x1080.jpg&rf=LaDigue_1920x1080.jpg&pid=hp
20201013,赤狐，荷兰,http://cn.bing.com//th?id=OHR.TrueFox_ZH-CN9267249538_1920x1080.jpg&rf=LaDigue_1920x1080.jpg&pid=hp
20201014,位于索尔恩霍芬的约1.5亿年前的蜻蜓化石，德国巴伐利亚,http://cn.bing.com//th?id=OHR.BavariaFossil_ZH-CN9418077316_1920x1080.jpg&rf=LaDigue_1920x1080.jpg&pid=hp
20201015,在加州海岸海藻上的赭色海星,http://cn.bing.com//th?id=OHR.OchreSeaStar_ZH-CN0656056433_1920x1080.jpg&rf=LaDigue_1920x1080.jpg&pid=hp
20201016,田里的拖拉机和装载着卷心菜的拖车，奥地利圣珀尔滕,http://cn.bing.com//th?id=OHR.WorldFoodDay_ZH-CN0834763150_1920x1080.jpg&rf=LaDigue_1920x1080.jpg&pid=hp
20201017,布里瓦德附近的皮斯加国家森林，北卡罗来纳州,http://cn.bing.com//th?id=OHR.PisgahNationalForest_ZH-CN0944504238_1920x1080.jpg&rf=LaDigue_1920x1080.jpg&pid=hp
20201018,锡特卡的港口，阿拉斯加,http://cn.bing.com//th?id=OHR.SitkaHarbor_ZH-CN1051522458_1920x1080.jpg&rf=LaDigue_1920x1080.jpg&pid=hp
20201019,马蹄寺风景区内的马蹄寺和石窟，中国甘肃省,http://cn.bing.com//th?id=OHR.MatiSiTemple_ZH-CN1153907273_1920x1080.jpg&rf=LaDigue_1920x1080.jpg&pid=hp
20201020,比弗湖自然中心内光秃秃的树和红盖鳞毛蕨，纽约,http://cn.bing.com//th?id=OHR.BLNC_ZH-CN1521633936_1920x1080.jpg&rf=LaDigue_1920x1080.jpg&pid=hp
20201021,在一株植物上行走的变色龙，印度尼西亚,http://cn.bing.com//th?id=OHR.ChameleonIndonesia_ZH-CN1631787171_1920x1080.jpg&rf=LaDigue_1920x1080.jpg&pid=hp
20201022,Lauwersmeer国家公园上空的椋鸟群，荷兰,http://cn.bing.com//th?id=OHR.LauwersmeerNP_ZH-CN1771718843_1920x1080.jpg&rf=LaDigue_1920x1080.jpg&pid=hp
20201023,Bents的旧百货商店，加拿大萨斯喀彻温省,http://cn.bing.com//th?id=OHR.BentsGeneral_ZH-CN7629263267_1920x1080.jpg&rf=LaDigue_1920x1080.jpg&pid=hp
20201024,纽约市的天际线与联合国总部大楼,http://cn.bing.com//th?id=OHR.UNBuilding_ZH-CN7730281645_1920x1080.jpg&rf=LaDigue_1920x1080.jpg&pid=hp
20201025,不列颠哥伦比亚省的一块南瓜田，加拿大,http://cn.bing.com//th?id=OHR.BCPumpkins_ZH-CN7878617476_1920x1080.jpg&rf=LaDigue_1920x1080.jpg&pid=hp
20201026,科夫堡，英国多塞特,http://cn.bing.com//th?id=OHR.CorfeDorset_ZH-CN8002715956_1920x1080.jpg&rf=LaDigue_1920x1080.jpg&pid=hp
20201027,亨茨维尔附近绿色山公园中的Cambron Covered Bridge，阿拉巴马州,http://cn.bing.com//th?id=OHR.CambronBridge_ZH-CN8106321592_1920x1080.jpg&rf=LaDigue_1920x1080.jpg&pid=hp
20201028,国家誓言圣殿上怪诞的厄瓜多尔本土海鸟，厄瓜多尔基多,http://cn.bing.com//th?id=OHR.BasilicaVoto_ZH-CN8324675706_1920x1080.jpg&rf=LaDigue_1920x1080.jpg&pid=hp
20201029,克林格尔农场的Mazezilla玉米田迷宫，宾夕法尼亚州,http://cn.bing.com//th?id=OHR.Mazezilla_ZH-CN8502282112_1920x1080.jpg&rf=LaDigue_1920x1080.jpg&pid=hp
20201030,北海道的毛腿渔^，日本,http://cn.bing.com//th?id=OHR.FishOwl_ZH-CN8751793312_1920x1080.jpg&rf=LaDigue_1920x1080.jpg&pid=hp
20201031,黑暗树篱，北爱尔兰安特里姆,http://cn.bing.com//th?id=OHR.GreyLady_ZH-CN8921039038_1920x1080.jpg&rf=LaDigue_1920x1080.jpg&pid=hp
20201101,阿尔卑斯山Cheran峡谷中流淌的河流，法国萨瓦,http://cn.bing.com//th?id=OHR.GorgeSavoie_ZH-CN9079188802_1920x1080.jpg&rf=LaDigue_1920x1080.jpg&pid=hp
20201102,通戈山国家公园中的北极熊，加拿大,http://cn.bing.com//th?id=OHR.TorngatsMt_ZH-CN9391633217_1920x1080.jpg&rf=LaDigue_1920x1080.jpg&pid=hp
20201103,从奎雷英山口看到的 Leum na Luirginn湖和Cleat湖，英国斯凯岛,http://cn.bing.com//th?id=OHR.LochLeum_ZH-CN9620588759_1920x1080.jpg&rf=LaDigue_1920x1080.jpg&pid=hp
20201104,秋季迁徙时正在游过科伯克河的驯鹿，阿拉斯加,http://cn.bing.com//th?id=OHR.KobukRiver_ZH-CN9932342738_1920x1080.jpg&rf=LaDigue_1920x1080.jpg&pid=hp
20201105,阿尔瓦拉辛，西班牙,http://cn.bing.com//th?id=OHR.Albarracin_ZH-CN0019262872_1920x1080.jpg&rf=LaDigue_1920x1080.jpg&pid=hp
20201106,三姐妹泉中的西印度海牛，佛罗里达州克里斯特尔里弗国家野生动物保护区,http://cn.bing.com//th?id=OHR.TwoWest_ZH-CN9396182448_1920x1080.jpg&rf=LaDigue_1920x1080.jpg&pid=hp
20201107,大提顿国家公园中的野牛，怀俄明州,http://cn.bing.com//th?id=OHR.BigBison_ZH-CN9480861825_1920x1080.jpg&rf=LaDigue_1920x1080.jpg&pid=hp
20201108,德文特湖上的德文特岛房屋，英国坎布里亚郡湖区国家公园,http://cn.bing.com//th?id=OHR.DerwentIsle_ZH-CN9777894186_1920x1080.jpg&rf=LaDigue_1920x1080.jpg&pid=hp
20201111,带壳的栗子,http://cn.bing.com//th?id=OHR.EsskastanieD_ZH-CN9736686128_1920x1080.jpg&rf=LaDigue_1920x1080.jpg&pid=hp
20201112,Connery Pond和怀特菲斯山，纽约州,http://cn.bing.com//th?id=OHR.ConneryPond_ZH-CN9900515488_1920x1080.jpg&rf=LaDigue_1920x1080.jpg&pid=hp
20201113,库赫莫附近暴风雪中的乌鸦，芬兰,http://cn.bing.com//th?id=OHR.RavensSnow_ZH-CN0153928643_1920x1080.jpg&rf=LaDigue_1920x1080.jpg&pid=hp
20201114,排灯节期间摆放在蓝果丽上的油灯,http://cn.bing.com//th?id=OHR.DiwaliRangoli_ZH-CN0293298599_1920x1080.jpg&rf=LaDigue_1920x1080.jpg&pid=hp
20201115,特卡波湖岸上的羽扇豆，新西兰,http://cn.bing.com//th?id=OHR.LupineNZ_ZH-CN0613960648_1920x1080.jpg&rf=LaDigue_1920x1080.jpg&pid=hp
20201116,日本北海道,http://cn.bing.com//th?id=OHR.HokkaidoShida_ZH-CN0103354943_1920x1080.jpg&rf=LaDigue_1920x1080.jpg&pid=hp
20201117,混交林，菲森，巴伐利亚，德国,http://cn.bing.com//th?id=OHR.MischwaldFuessen_ZH-CN0005213724_1920x1080.jpg&rf=LaDigue_1920x1080.jpg&pid=hp
20201118,被北极光映衬出轮廓的因努伊特石堆，加拿大西北地区,http://cn.bing.com//th?id=OHR.InukshukLights_ZH-CN0756858983_1920x1080.jpg&rf=LaDigue_1920x1080.jpg&pid=hp
20201119,巢穴中的栗嘴巨嘴鸟，哥斯达黎加,http://cn.bing.com//th?id=OHR.ToucanCostaRica_ZH-CN0876149105_1920x1080.jpg&rf=LaDigue_1920x1080.jpg&pid=hp
20201120,鸟瞰勃朗峰山脉中的南针峰，法国,http://cn.bing.com//th?id=OHR.MontBlancPeak_ZH-CN0459151326_1920x1080.jpg&rf=LaDigue_1920x1080.jpg&pid=hp
20201121,普莱斯湖中冰封的秋叶，北卡罗莱纳州朱利安・普莱斯纪念公园,http://cn.bing.com//th?id=OHR.NCHighCountry_ZH-CN0617631531_1920x1080.jpg&rf=LaDigue_1920x1080.jpg&pid=hp
20201123,伯尔尼老城，瑞士,http://cn.bing.com//th?id=OHR.BernCH_ZH-CN0890742909_1920x1080.jpg&rf=LaDigue_1920x1080.jpg&pid=hp
20201124,巨浪冲击着阿斯洛玛尔州立海滩的岩石，加利福尼亚州帕西菲克格罗夫,http://cn.bing.com//th?id=OHR.AsilomarSB_ZH-CN1074865975_1920x1080.jpg&rf=LaDigue_1920x1080.jpg&pid=hp
20201125,中央公园购物中心的美国榆树丛，纽约市,http://cn.bing.com//th?id=OHR.CPMall_ZH-CN1202155438_1920x1080.jpg&rf=LaDigue_1920x1080.jpg&pid=hp
20201126,大雪山上的花鼠，日本北海道,http://cn.bing.com//th?id=OHR.ChipmunkJP_ZH-CN1697070440_1920x1080.jpg&rf=LaDigue_1920x1080.jpg&pid=hp
20201127,卡尔巴里国家公园，澳大利亚,http://cn.bing.com//th?id=OHR.NaturesWindowLookout_ZH-CN1799883608_1920x1080.jpg&rf=LaDigue_1920x1080.jpg&pid=hp
20201128,部分被雪覆盖的Val Cervara山坡上的老山毛榉林，意大利蒙帕赛诺,http://cn.bing.com//th?id=OHR.ValCervara_ZH-CN1889046979_1920x1080.jpg&rf=LaDigue_1920x1080.jpg&pid=hp
20201129,塔拉纳基山，新西兰艾格蒙特国家公园,http://cn.bing.com//th?id=OHR.MountTaranaki_ZH-CN1962085466_1920x1080.jpg&rf=LaDigue_1920x1080.jpg&pid=hp
20201130,艾琳多南堡，苏格兰,http://cn.bing.com//th?id=OHR.EDCScotland_ZH-CN2038527689_1920x1080.jpg&rf=LaDigue_1920x1080.jpg&pid=hp
20201202,基奈峡湾国家公园的尖顶湾，阿拉斯加,http://cn.bing.com//th?id=OHR.PorcupineBay_ZH-CN2252758146_1920x1080.jpg&rf=LaDigue_1920x1080.jpg&pid=hp
20201203,布拉索夫中央广场的圣诞市集，罗马尼亚,http://cn.bing.com//th?id=OHR.BrasovXmas_ZH-CN2333670843_1920x1080.jpg&rf=LaDigue_1920x1080.jpg&pid=hp
20201204,阿多大象国家公园中的非洲象，南非,http://cn.bing.com//th?id=OHR.WCDBabyElephant_ZH-CN7844400740_1920x1080.jpg&rf=LaDigue_1920x1080.jpg&pid=hp
20201205,贝纳斯克，西班牙韦斯卡,http://cn.bing.com//th?id=OHR.BenasqueValley_ZH-CN7931589735_1920x1080.jpg&rf=LaDigue_1920x1080.jpg&pid=hp
20201206,普利特维采湖群国家公园中的高架步道，克罗地亚,http://cn.bing.com//th?id=OHR.PLNP_ZH-CN8120863549_1920x1080.jpg&rf=LaDigue_1920x1080.jpg&pid=hp
20201207,挂在树上的小鸟舍,http://cn.bing.com//th?id=OHR.VogelhaeuserD_ZH-CN8437589222_1920x1080.jpg&rf=LaDigue_1920x1080.jpg&pid=hp
20201208,阿布鲁佐的Rocca Calascio，意大利,http://cn.bing.com//th?id=OHR.RoccaCalascio_ZH-CN8546031521_1920x1080.jpg&rf=LaDigue_1920x1080.jpg&pid=hp
20201209,冬天的金阁寺，日本京都,http://cn.bing.com//th?id=OHR.Kinkakuji_ZH-CN8643828412_1920x1080.jpg&rf=LaDigue_1920x1080.jpg&pid=hp
20201210,正在睡觉的北极狐,http://cn.bing.com//th?id=OHR.SleepingArcticFox_ZH-CN8743925021_1920x1080.jpg&rf=LaDigue_1920x1080.jpg&pid=hp
20201211,以布兰卡山脉为背景的安地斯皇后（莴氏普亚凤梨），秘鲁,http://cn.bing.com//th?id=OHR.QueenoftheAndes_ZH-CN9019108680_1920x1080.jpg&rf=LaDigue_1920x1080.jpg&pid=hp
20201212,一品红叶子特写,http://cn.bing.com//th?id=OHR.BractCloseup_ZH-CN9096611979_1920x1080.jpg&rf=LaDigue_1920x1080.jpg&pid=hp
20201214,松雀,http://cn.bing.com//th?id=OHR.PineGrosbeak_ZH-CN9629000282_1920x1080.jpg&rf=LaDigue_1920x1080.jpg&pid=hp
20201215,易北河上的巴斯泰桥，德国撒克逊瑞士国家公园,http://cn.bing.com//th?id=OHR.ElbeBastei_ZH-CN9708654240_1920x1080.jpg&rf=LaDigue_1920x1080.jpg&pid=hp
20201216,雾气环绕的森林，喀拉拉邦慕那尔市，印度,http://cn.bing.com//th?id=OHR.MunnarMist_ZH-CN8816703625_1920x1080.jpg&rf=LaDigue_1920x1080.jpg&pid=hp
20201217,日落时分被雪覆盖的挪威云杉林，德国图林根,http://cn.bing.com//th?id=OHR.NarniaForest_ZH-CN8466850438_1920x1080.jpg&rf=LaDigue_1920x1080.jpg&pid=hp
20201218,从环绕山峰的小径最高点看到的拉瓦莱多三峰山，意大利,http://cn.bing.com//th?id=OHR.TreCime_ZH-CN7609469681_1920x1080.jpg&rf=LaDigue_1920x1080.jpg&pid=hp
20201219,清晨结了霜的树林，中国四姑娘山,http://cn.bing.com//th?id=OHR.Siguniangshan_ZH-CN7772066391_1920x1080.jpg&rf=LaDigue_1920x1080.jpg&pid=hp
20201220,蒙大拿州西部的小雪羊,http://cn.bing.com//th?id=OHR.BabyGoat_ZH-CN7863798344_1920x1080.jpg&rf=LaDigue_1920x1080.jpg&pid=hp
20201221,凯西克附近的Castlerigg石圈，英国坎布里亚,http://cn.bing.com//th?id=OHR.CastleriggStone_ZH-CN8015482045_1920x1080.jpg&rf=LaDigue_1920x1080.jpg&pid=hp
20201222,涅迪克角灯塔上的节日彩灯，缅因州,http://cn.bing.com//th?id=OHR.HolidayNubble_ZH-CN8122183595_1920x1080.jpg&rf=LaDigue_1920x1080.jpg&pid=hp
20201223,莫阿尔博阿尔附近的带纹矛吻海龙，菲律宾,http://cn.bing.com//th?id=OHR.BandedPipefish_ZH-CN8209616080_1920x1080.jpg&rf=LaDigue_1920x1080.jpg&pid=hp
20201224,挪威苔原上的北极光和野生驯鹿,http://cn.bing.com//th?id=OHR.WildReindeer_ZH-CN8301029606_1920x1080.jpg&rf=LaDigue_1920x1080.jpg&pid=hp
20201225,雪中的蓝山雀和大山雀，法国北孚日地区自然公园,http://cn.bing.com//th?id=OHR.FRbluebirds_ZH-CN3972483010_1920x1080.jpg&rf=LaDigue_1920x1080.jpg&pid=hp
20201226,Barnett Demesne公园中在白雪覆盖的山坡上玩耍的一家，北爱尔兰贝尔法斯特,http://cn.bing.com//th?id=OHR.BarnettsDemesne_ZH-CN8484261440_1920x1080.jpg&rf=LaDigue_1920x1080.jpg&pid=hp
20201227,比利牛斯山脉中的高山湖Ibón de Plan，西班牙韦斯卡,http://cn.bing.com//th?id=OHR.IbonPlan_ZH-CN8564017247_1920x1080.jpg&rf=LaDigue_1920x1080.jpg&pid=hp
20201228,加拿大猞猁，蒙大拿州,http://cn.bing.com//th?id=OHR.CanadaLynx_ZH-CN8645816958_1920x1080.jpg&rf=LaDigue_1920x1080.jpg&pid=hp
20201229,卢塞恩老城，瑞士,http://cn.bing.com//th?id=OHR.LucerneHoliday_ZH-CN8762232954_1920x1080.jpg&rf=LaDigue_1920x1080.jpg&pid=hp
20201230,布莱斯峡谷国家公园的冬天，犹他州,http://cn.bing.com//th?id=OHR.WinterBryce_ZH-CN8874624326_1920x1080.jpg&rf=LaDigue_1920x1080.jpg&pid=hp
20201231,跨年庆典中燃放的烟花，西班牙萨拉戈萨,http://cn.bing.com//th?id=OHR.ZaragozaSpain_ZH-CN8995859415_1920x1080.jpg&rf=LaDigue_1920x1080.jpg&pid=hp
20210101,斯瓦尔巴群岛附近水域的北极熊，挪威,http://cn.bing.com//th?id=OHR.LoonyDook_ZH-CN1879420705_1920x1080.jpg&rf=LaDigue_1920x1080.jpg&pid=hp
20210102,峰牙－己榜国家公园中的韩松洞，越南,http://cn.bing.com//th?id=OHR.LargestCave_ZH-CN2069899703_1920x1080.jpg&rf=LaDigue_1920x1080.jpg&pid=hp
20210103,远眺格斯韦因斯泰因村和格斯韦因斯泰因城堡,http://cn.bing.com//th?id=OHR.Goessweinstein_ZH-CN2155531895_1920x1080.jpg&rf=LaDigue_1920x1080.jpg&pid=hp
20210104,冰河湖对面的钻石冰沙滩，冰岛,http://cn.bing.com//th?id=OHR.DiamondBeach_ZH-CN3165398805_1920x1080.jpg&rf=LaDigue_1920x1080.jpg&pid=hp
20210105,奥梅雷克的红额金刚鹦鹉，玻利维亚科恰班巴,http://cn.bing.com//th?id=OHR.RedFrontMacaw_ZH-CN6432596112_1920x1080.jpg&rf=LaDigue_1920x1080.jpg&pid=hp
20210106,火山口湖，俄勒冈州,http://cn.bing.com//th?id=OHR.SnowCraterLake_ZH-CN9218350129_1920x1080.jpg&rf=LaDigue_1920x1080.jpg&pid=hp
20210107,多佛尔白崖，英国多佛尔,http://cn.bing.com//th?id=OHR.WhiteCliffs_ZH-CN9314988447_1920x1080.jpg&rf=LaDigue_1920x1080.jpg&pid=hp
20210108,巴黎先贤祠内的傅科摆，法国,http://cn.bing.com//th?id=OHR.FoucaultsPendulum_ZH-CN9435794626_1920x1080.jpg&rf=LaDigue_1920x1080.jpg&pid=hp
20210109,圣卡塔利娜岛附近海藻上的西班牙披肩海蛞蝓，加利福尼亚海峡群岛,http://cn.bing.com//th?id=OHR.SpanishSeaSlug_ZH-CN9583688017_1920x1080.jpg&rf=LaDigue_1920x1080.jpg&pid=hp
20210110,四川黄龙风景名胜区，中国,http://cn.bing.com//th?id=OHR.GoldenDragon_ZH-CN9908231664_1920x1080.jpg&rf=LaDigue_1920x1080.jpg&pid=hp
20210111,Pradollano滑雪站，西班牙内华达山脉国家公园,http://cn.bing.com//th?id=OHR.SierraNevada_ZH-CN0564237735_1920x1080.jpg&rf=LaDigue_1920x1080.jpg&pid=hp
20210112,Sindhudurg堡，印度马哈拉施特拉邦,http://cn.bing.com//th?id=OHR.SeaFort_ZH-CN0457624725_1920x1080.jpg&rf=LaDigue_1920x1080.jpg&pid=hp
20210113,爱德阿都・阿瓦罗・安第斯国家保护区内的火烈鸟，玻利维亚,http://cn.bing.com//th?id=OHR.BolivianSummer_ZH-CN0179997340_1920x1080.jpg&rf=LaDigue_1920x1080.jpg&pid=hp
20210114,布莱顿-霍夫被雪覆盖的海滩小屋，英国,http://cn.bing.com//th?id=OHR.BrightonSnow_ZH-CN0309526170_1920x1080.jpg&rf=LaDigue_1920x1080.jpg&pid=hp
20210115,俯瞰着多尔多涅河谷的贝纳克城堡，法国,http://cn.bing.com//th?id=OHR.ChateauBeynac_ZH-CN8777586167_1920x1080.jpg&rf=LaDigue_1920x1080.jpg&pid=hp
20210116,卡克斯劳塔宁阿克蒂克度假酒店的玻璃圆顶冰屋，芬兰萨里山,http://cn.bing.com//th?id=OHR.GlassIgloos_ZH-CN8927574757_1920x1080.jpg&rf=LaDigue_1920x1080.jpg&pid=hp
20210117,巴尼奥斯附近的阿格杨瀑布，厄瓜多尔,http://cn.bing.com//th?id=OHR.PailonDelDiablo_ZH-CN9146230830_1920x1080.jpg&rf=LaDigue_1920x1080.jpg&pid=hp
20210118,菲希特尔贝格山上的气象站和Fichtelberghaus酒店，德国上维森塔尔,http://cn.bing.com//th?id=OHR.FichtelbergWinter_ZH-CN9274877146_1920x1080.jpg&rf=LaDigue_1920x1080.jpg&pid=hp
20210119,被丛林包围着的玛雅古城卡拉克穆尔遗址，墨西哥坎佩切,http://cn.bing.com//th?id=OHR.Calakmul_ZH-CN5969688954_1920x1080.jpg&rf=LaDigue_1920x1080.jpg&pid=hp
20210120,南极丹科岛附近的巴布亚企鹅,http://cn.bing.com//th?id=OHR.GentooLeap_ZH-CN6189428446_1920x1080.jpg&rf=LaDigue_1920x1080.jpg&pid=hp
20210121,苏格兰高地上的欧亚红松鼠，苏格兰,http://cn.bing.com//th?id=OHR.RSOakTree_ZH-CN6371993573_1920x1080.jpg&rf=LaDigue_1920x1080.jpg&pid=hp
20210122,横跨康涅狄格河畔血溪的铁路，新罕布什尔州汉诺威,http://cn.bing.com//th?id=OHR.BloodyBrook_ZH-CN6505728233_1920x1080.jpg&rf=LaDigue_1920x1080.jpg&pid=hp
20210123,波来古市附近的Chu Dang Ya火山，越南嘉来,http://cn.bing.com//th?id=OHR.ChuDangYa_ZH-CN6673735912_1920x1080.jpg&rf=LaDigue_1920x1080.jpg&pid=hp
20210124,库纳族人的手工艺品，巴拿马圣布拉斯群岛,http://cn.bing.com//th?id=OHR.Molas_ZH-CN6808431428_1920x1080.jpg&rf=LaDigue_1920x1080.jpg&pid=hp
20210125,红石公园教堂岩附近的雷击，新墨西哥州,http://cn.bing.com//th?id=OHR.ChurchRock_ZH-CN6926315999_1920x1080.jpg&rf=LaDigue_1920x1080.jpg&pid=hp
20210126,属于大堡礁的一部分的心形礁，澳大利亚昆士兰,http://cn.bing.com//th?id=OHR.HeartAustralia_ZH-CN7049080558_1920x1080.jpg&rf=LaDigue_1920x1080.jpg&pid=hp
20210127,西西里岛陶尔米纳，意大利,http://cn.bing.com//th?id=OHR.Taormina_ZH-CN7163221115_1920x1080.jpg&rf=LaDigue_1920x1080.jpg&pid=hp
20210128,北极狼一家，加拿大,http://cn.bing.com//th?id=OHR.ArcticWolf_ZH-CN7307641601_1920x1080.jpg&rf=LaDigue_1920x1080.jpg&pid=hp
20210129,冬季暴风雪中的欧亚鸲，英格兰峰区国家公园,http://cn.bing.com//th?id=OHR.RedRobin_ZH-CN4148689161_1920x1080.jpg&rf=LaDigue_1920x1080.jpg&pid=hp
20210130,博德明高沼上布朗威利山麓的废弃小屋，英格兰,http://cn.bing.com//th?id=OHR.BodminFrost_ZH-CN4303222848_1920x1080.jpg&rf=LaDigue_1920x1080.jpg&pid=hp
20210131,巴伐利亚阿尔卑斯山脉中的米滕瓦尔德小屋，德国,http://cn.bing.com//th?id=OHR.MittenwalderHut_ZH-CN4406131876_1920x1080.jpg&rf=LaDigue_1920x1080.jpg&pid=hp
20210201,日落后的托莱多全景，西班牙,http://cn.bing.com//th?id=OHR.ToledoIldefonso_ZH-CN4507206651_1920x1080.jpg&rf=LaDigue_1920x1080.jpg&pid=hp
20210202,大格洛克纳山山峰前的土拨鼠，奥地利,http://cn.bing.com//th?id=OHR.RainbowMarmot_ZH-CN4605973404_1920x1080.jpg&rf=LaDigue_1920x1080.jpg&pid=hp
20210203,内姆鲁特山上巨大的石灰岩雕像，土耳其阿德亚曼,http://cn.bing.com//th?id=OHR.MountNemrut_ZH-CN4681788604_1920x1080.jpg&rf=LaDigue_1920x1080.jpg&pid=hp
20210204,北孚日地区自然公园，法国,http://cn.bing.com//th?id=OHR.VosgesBioReserve_ZH-CN4762694302_1920x1080.jpg&rf=LaDigue_1920x1080.jpg&pid=hp
20210205,波浪谷中的砂岩层和积水，亚利桑那州朱红悬崖国家纪念碑,http://cn.bing.com//th?id=OHR.TheWave_ZH-CN4856809836_1920x1080.jpg&rf=LaDigue_1920x1080.jpg&pid=hp
20210206,奥拉基库克山国家公园中的塞夫顿山，新西兰南岛,http://cn.bing.com//th?id=OHR.MountSefton_ZH-CN4956097627_1920x1080.jpg&rf=LaDigue_1920x1080.jpg&pid=hp
20210207,蒙特利尔的乌林^，加拿大,http://cn.bing.com//th?id=OHR.SuperbOwl_ZH-CN5028336455_1920x1080.jpg&rf=LaDigue_1920x1080.jpg&pid=hp
20210208,勃朗峰高山冰川上的徒步者，法国夏慕尼,http://cn.bing.com//th?id=OHR.IceWalking_ZH-CN5122217505_1920x1080.jpg&rf=LaDigue_1920x1080.jpg&pid=hp
20210209,拍摄于俄勒冈州海岸拥抱点瀑布的幻月,http://cn.bing.com//th?id=OHR.MoonDogs_ZH-CN5201314184_1920x1080.jpg&rf=LaDigue_1920x1080.jpg&pid=hp
20210210,阿瓜内格拉山口上的融凝冰柱，智利科金博,http://cn.bing.com//th?id=OHR.PenitentSnow_ZH-CN5304842520_1920x1080.jpg&rf=LaDigue_1920x1080.jpg&pid=hp
20210212,【新年快乐】 （   Kilito Chan ）,http://cn.bing.com//th?id=OHR.Lunarnewyear2021_ZH-CN4293313296_1920x1080.jpg&rf=LaDigue_1920x1080.jpg&pid=hp
20210213,四只东蓝鸲，北卡罗莱纳州夏洛特,http://cn.bing.com//th?id=OHR.BluebirdsEastern_ZH-CN2598458880_1920x1080.jpg&rf=LaDigue_1920x1080.jpg&pid=hp
20210214,海浪冲击着悉尼海岸的一个心形岩石岛，澳大利亚,http://cn.bing.com//th?id=OHR.OceanHeart_ZH-CN2697021215_1920x1080.jpg&rf=LaDigue_1920x1080.jpg&pid=hp
20210215,安加白令嘉河与诺朗加港，南澳大利亚州,http://cn.bing.com//th?id=OHR.OnkaparingaRiver_ZH-CN7750372049_1920x1080.jpg&rf=LaDigue_1920x1080.jpg&pid=hp
20210216,屋前的鲜花和铁艺围栏，路易斯安那州新奥尔良,http://cn.bing.com//th?id=OHR.PurpleFlowers_ZH-CN7975901617_1920x1080.jpg&rf=LaDigue_1920x1080.jpg&pid=hp
20210217,冰川国家公园中的佩里托莫雷诺冰川，阿根廷,http://cn.bing.com//th?id=OHR.PeritoMorenoArgentina_ZH-CN8205335022_1920x1080.jpg&rf=LaDigue_1920x1080.jpg&pid=hp
20210218,拉韦尔泰佐附近一条河里的石头，瑞士塞斯卡山谷,http://cn.bing.com//th?id=OHR.VerzascaValley_ZH-CN8308636990_1920x1080.jpg&rf=LaDigue_1920x1080.jpg&pid=hp
20210219,东内格罗斯省沿海的鹦嘴鱼，菲律宾,http://cn.bing.com//th?id=OHR.Parrotfish_ZH-CN8442237302_1920x1080.jpg&rf=LaDigue_1920x1080.jpg&pid=hp
20210220,暴风雪散去，加利福尼亚优胜美地国家公园,http://cn.bing.com//th?id=OHR.AABday_ZH-CN8551609592_1920x1080.jpg&rf=LaDigue_1920x1080.jpg&pid=hp
20210221,波尔图，葡萄牙,http://cn.bing.com//th?id=OHR.Porto_ZH-CN9117852684_1920x1080.jpg&rf=LaDigue_1920x1080.jpg&pid=hp
20210222,莱姆里杰斯的Cobb防波堤，英格兰多塞特,http://cn.bing.com//th?id=OHR.TheCobb_ZH-CN9310074102_1920x1080.jpg&rf=LaDigue_1920x1080.jpg&pid=hp
20210223,冰上的卷羽鹈鹕，希腊凯尔基尼湖,http://cn.bing.com//th?id=OHR.DalmatianPelicans_ZH-CN9611080858_1920x1080.jpg&rf=LaDigue_1920x1080.jpg&pid=hp
20210224,莫纳布拉班特山，毛里求斯,http://cn.bing.com//th?id=OHR.LeMorneBrabant_ZH-CN9699020288_1920x1080.jpg&rf=LaDigue_1920x1080.jpg&pid=hp
20210225,俯瞰着特雷维的扁桃花，意大利佩鲁贾,http://cn.bing.com//th?id=OHR.Trevi_ZH-CN9831666780_1920x1080.jpg&rf=LaDigue_1920x1080.jpg&pid=hp
20210226,挂在锦里街上的红灯笼，中国成都,http://cn.bing.com//th?id=OHR.JinliStreet_ZH-CN3020276206_1920x1080.jpg&rf=LaDigue_1920x1080.jpg&pid=hp
20210227,鸟瞰施内贝格山脉-奥克森峰，德国,http://cn.bing.com//th?id=OHR.SchneebergOchsenkopf_ZH-CN3115679592_1920x1080.jpg&rf=LaDigue_1920x1080.jpg&pid=hp
20210228,斯卡夫塔山中的传统农舍，冰岛瓦特纳冰川国家公园,http://cn.bing.com//th?id=OHR.TurfHouse_ZH-CN3250210711_1920x1080.jpg&rf=LaDigue_1920x1080.jpg&pid=hp
20210301,威尔士中部水仙花中的蓝山雀,http://cn.bing.com//th?id=OHR.BlueTitDaffs_ZH-CN3333224685_1920x1080.jpg&rf=LaDigue_1920x1080.jpg&pid=hp
20210302,亚伊马火山与前景中的智利南洋杉，智利孔吉利奥国家公园,http://cn.bing.com//th?id=OHR.VolcanoLlaima_ZH-CN3436127573_1920x1080.jpg&rf=LaDigue_1920x1080.jpg&pid=hp
20210303,纳库鲁湖周围森林中的两只母狮子，肯尼亚,http://cn.bing.com//th?id=OHR.WWDLions_ZH-CN3506997987_1920x1080.jpg&rf=LaDigue_1920x1080.jpg&pid=hp
20210304,努沙杜瓦海岸与防波堤，印度尼西亚巴厘岛,http://cn.bing.com//th?id=OHR.Comma_ZH-CN3584865247_1920x1080.jpg&rf=LaDigue_1920x1080.jpg&pid=hp
20210305,力拓河中含矿物质的水，西班牙里奥廷托矿区,http://cn.bing.com//th?id=OHR.MinasdeRioTinto_ZH-CN3632728092_1920x1080.jpg&rf=LaDigue_1920x1080.jpg&pid=hp
20210306,弗洛勒斯岛上的纳闽巴霍，印度尼西亚科莫多国家公园,http://cn.bing.com//th?id=OHR.PadarIsland_ZH-CN3753026244_1920x1080.jpg&rf=LaDigue_1920x1080.jpg&pid=hp
20210307,德拉海滩Wakodahatchee湿地的大蓝鹭，佛罗里达州,http://cn.bing.com//th?id=OHR.Wakodahatchee_ZH-CN3806840538_1920x1080.jpg&rf=LaDigue_1920x1080.jpg&pid=hp
20210308,鸟瞰高耸入云的洛根山，加拿大克鲁瓦尼国家公园,http://cn.bing.com//th?id=OHR.LoganClouds_ZH-CN3900647104_1920x1080.jpg&rf=LaDigue_1920x1080.jpg&pid=hp
20210309,圣何塞附近的代阿布洛岭山麓，加利福尼亚,http://cn.bing.com//th?id=OHR.RollingHills_ZH-CN3969739987_1920x1080.jpg&rf=LaDigue_1920x1080.jpg&pid=hp
20210310,被阿尔卑斯山环抱的辛特湖，德国贝希特斯加登,http://cn.bing.com//th?id=OHR.HinterseeRamsau_ZH-CN4043630556_1920x1080.jpg&rf=LaDigue_1920x1080.jpg&pid=hp
20210311,俄勒冈海岸佩蓓角的雷神之井,http://cn.bing.com//th?id=OHR.CapePerpetua_ZH-CN4150223705_1920x1080.jpg&rf=LaDigue_1920x1080.jpg&pid=hp
20210312,倒映在艾布湖上的楚格峰，德国巴伐利亚,http://cn.bing.com//th?id=OHR.EibseeSpring_ZH-CN8314763420_1920x1080.jpg&rf=LaDigue_1920x1080.jpg&pid=hp
20210313,森佩尔森林公园中的黑海杜鹃，德国吕根岛,http://cn.bing.com//th?id=OHR.Rhododendron_ZH-CN8481644646_1920x1080.jpg&rf=LaDigue_1920x1080.jpg&pid=hp
20210314,里昂天文钟，法国里昂,http://cn.bing.com//th?id=OHR.LyonAstronomical_ZH-CN8601552487_1920x1080.jpg&rf=LaDigue_1920x1080.jpg&pid=hp
20210315,在树洞中休息的鸣角^，纽约马萨皮夸保护区,http://cn.bing.com//th?id=OHR.MassapequaOwl_ZH-CN8747028921_1920x1080.jpg&rf=LaDigue_1920x1080.jpg&pid=hp
20210316,碧峰峡熊猫基地的大熊猫宝宝，中国四川,http://cn.bing.com//th?id=OHR.BifengxiaPanda_ZH-CN8879969527_1920x1080.jpg&rf=LaDigue_1920x1080.jpg&pid=hp
20210317,阿伦群岛三座岛中最小的伊尼希尔岛，爱尔兰戈尔韦湾,http://cn.bing.com//th?id=OHR.Inisheer_ZH-CN9014668825_1920x1080.jpg&rf=LaDigue_1920x1080.jpg&pid=hp
20210318,2013年正在喷发的埃特纳火山，意大利西西里岛,http://cn.bing.com//th?id=OHR.MtEtna_ZH-CN9127683040_1920x1080.jpg&rf=LaDigue_1920x1080.jpg&pid=hp
20210319,航拍生长着树木的遇难船“阿德莱德市”残骸，澳大利亚磁岛,http://cn.bing.com//th?id=OHR.MagneticIsland_ZH-CN9302186671_1920x1080.jpg&rf=LaDigue_1920x1080.jpg&pid=hp
20210320,帕尼迪斯沙丘上的日晷，立陶宛库尔斯沙嘴,http://cn.bing.com//th?id=OHR.ParnidisSundial_ZH-CN9575177836_1920x1080.jpg&rf=LaDigue_1920x1080.jpg&pid=hp
20210321,覆盖了Hallerbos森林地面的蓝铃花，比利时佛兰德,http://cn.bing.com//th?id=OHR.HallesWood_ZH-CN9790575479_1920x1080.jpg&rf=LaDigue_1920x1080.jpg&pid=hp
20210322,汝拉山中的Chateau de Joux堡，法国,http://cn.bing.com//th?id=OHR.JouxFog_ZH-CN9947036409_1920x1080.jpg&rf=LaDigue_1920x1080.jpg&pid=hp
20210323,马尼亚河的卫星图像，马达加斯加,http://cn.bing.com//th?id=OHR.LoftedMadagascar_ZH-CN0062899981_1920x1080.jpg&rf=LaDigue_1920x1080.jpg&pid=hp
20210324,座头鲸妈妈将她熟睡的幼鲸推到水面，夏威夷毛伊岛,http://cn.bing.com//th?id=OHR.HumpbackMom_ZH-CN0218207583_1920x1080.jpg&rf=LaDigue_1920x1080.jpg&pid=hp
20210325,温尼伯湖沿岸的春日冰雪，曼尼托巴,http://cn.bing.com//th?id=OHR.LakeWinnipeg_ZH-CN0984485385_1920x1080.jpg&rf=LaDigue_1920x1080.jpg&pid=hp
20210326,摇篮山-圣克莱尔湖国家公园，澳大利亚塔斯马尼亚州,http://cn.bing.com//th?id=OHR.MTCradle_ZH-CN1573998424_1920x1080.jpg&rf=LaDigue_1920x1080.jpg&pid=hp
20210327,在白雪覆盖的高地上奔跑的雪兔，苏格兰,http://cn.bing.com//th?id=OHR.MadHares_ZH-CN1754336550_1920x1080.jpg&rf=LaDigue_1920x1080.jpg&pid=hp
20210328,斯诺登山与兰贝里斯山口，英国史诺多尼亚国家公园,http://cn.bing.com//th?id=OHR.LlanberisSlate_ZH-CN1977606783_1920x1080.jpg&rf=LaDigue_1920x1080.jpg&pid=hp
20210329,黑沙滩上Reynisdrangar的玄武岩，冰岛,http://cn.bing.com//th?id=OHR.Reynisfjara_ZH-CN2125000937_1920x1080.jpg&rf=LaDigue_1920x1080.jpg&pid=hp
20210330,春日里的荚果蕨细节图，华盛顿州,http://cn.bing.com//th?id=OHR.SwordFern_ZH-CN2589382288_1920x1080.jpg&rf=LaDigue_1920x1080.jpg&pid=hp
20210331,拉贾安帕特群岛中的瓦亚格岛，印度尼西亚,http://cn.bing.com//th?id=OHR.RajaAmpat_ZH-CN2820406309_1920x1080.jpg&rf=LaDigue_1920x1080.jpg&pid=hp
20210401,卡格拉格帝边境公园中一对正在求偶的鸵鸟，南非,http://cn.bing.com//th?id=OHR.FooledYa_ZH-CN1264990804_1920x1080.jpg&rf=LaDigue_1920x1080.jpg&pid=hp
20210402,伦索伊斯马拉年塞斯国家公园，巴西巴雷里尼亚斯市,http://cn.bing.com//th?id=OHR.BrazilSandDunes_ZH-CN2924749051_1920x1080.jpg&rf=LaDigue_1920x1080.jpg&pid=hp
20210403,阿尼瓦角的灯塔，俄罗斯萨哈林岛,http://cn.bing.com//th?id=OHR.AnivaLighthouse_ZH-CN3021410274_1920x1080.jpg&rf=LaDigue_1920x1080.jpg&pid=hp
20210404,【今日清明】（   yangphoto ）,http://cn.bing.com//th?id=OHR.Qingming2021_ZH-CN6154314555_1920x1080.jpg&rf=LaDigue_1920x1080.jpg&pid=hp
20210405,Areuse峡谷的Saut du Brot石桥，瑞士纳沙泰尔,http://cn.bing.com//th?id=OHR.SautduBrot_ZH-CN3361866139_1920x1080.jpg&rf=LaDigue_1920x1080.jpg&pid=hp
20210406,雅典卫城的帕特农神庙，希腊,http://cn.bing.com//th?id=OHR.Olympics125_ZH-CN3521721828_1920x1080.jpg&rf=LaDigue_1920x1080.jpg&pid=hp
20210407,早春里的柳枝，明尼苏达州,http://cn.bing.com//th?id=OHR.WillowNewGrowth_ZH-CN3104122677_1920x1080.jpg&rf=LaDigue_1920x1080.jpg&pid=hp
20210408,正在打鸣求偶的雄性黑琴鸡，芬兰库萨莫,http://cn.bing.com//th?id=OHR.TetraoTetrix_ZH-CN3813461274_1920x1080.jpg&rf=LaDigue_1920x1080.jpg&pid=hp
20210409,Hovenweep国家纪念碑的方塔，犹他州,http://cn.bing.com//th?id=OHR.HovenweepDarkSky_ZH-CN5264718531_1920x1080.jpg&rf=LaDigue_1920x1080.jpg&pid=hp
20210410,在迪纳利国家公园中玩耍的灰熊幼崽，阿拉斯加,http://cn.bing.com//th?id=OHR.SiblingBears_ZH-CN5349441901_1920x1080.jpg&rf=LaDigue_1920x1080.jpg&pid=hp
20210411,吉野山，日本奈良,http://cn.bing.com//th?id=OHR.YoshinoyamaSpring_ZH-CN5545606722_1920x1080.jpg&rf=LaDigue_1920x1080.jpg&pid=hp
20210412,宇航员杰夫・威廉姆斯在国际空间站拍摄到的地球,http://cn.bing.com//th?id=OHR.YurisNight_ZH-CN5738817931_1920x1080.jpg&rf=LaDigue_1920x1080.jpg&pid=hp
20210413,大城历史公园中的帕喜善佩寺，泰国大城府,http://cn.bing.com//th?id=OHR.WatPhraSiSanphet_ZH-CN5830557189_1920x1080.jpg&rf=LaDigue_1920x1080.jpg&pid=hp
20210414,卡里佐平原国家纪念区的野花，加利福尼亚,http://cn.bing.com//th?id=OHR.CarrizoPlain_ZH-CN5933565493_1920x1080.jpg&rf=LaDigue_1920x1080.jpg&pid=hp
20210415,亚伯拉罕湖中的树，加拿大艾伯塔,http://cn.bing.com//th?id=OHR.AlbertaTrunks_ZH-CN6124025876_1920x1080.jpg&rf=LaDigue_1920x1080.jpg&pid=hp
20210416,Dinan镇的鹅卵石铺成的街道，法国布列塔尼,http://cn.bing.com//th?id=OHR.FlowerTown_ZH-CN6364330124_1920x1080.jpg&rf=LaDigue_1920x1080.jpg&pid=hp
20210417,新河峡国家公园中的新河峡大桥，西弗吉尼亚州,http://cn.bing.com//th?id=OHR.NewRiverGorge_ZH-CN6951411872_1920x1080.jpg&rf=LaDigue_1920x1080.jpg&pid=hp
20210418,蒙塔尔巴诺埃利科纳，意大利西西里岛,http://cn.bing.com//th?id=OHR.MontalbanoElicona_ZH-CN7061762890_1920x1080.jpg&rf=LaDigue_1920x1080.jpg&pid=hp
20210419,大群的芒基蝠鲼跃出水面，墨西哥加利福尼亚湾,http://cn.bing.com//th?id=OHR.Mobula_ZH-CN7830551038_1920x1080.jpg&rf=LaDigue_1920x1080.jpg&pid=hp
20210420,乌布德格拉朗梯田，印度尼西亚巴厘岛,http://cn.bing.com//th?id=OHR.Ceking_ZH-CN7314711047_1920x1080.jpg&rf=LaDigue_1920x1080.jpg&pid=hp
20210421,马德拉岛的北海岸，葡萄牙,http://cn.bing.com//th?id=OHR.SaoJorgeMadeira_ZH-CN7428897971_1920x1080.jpg&rf=LaDigue_1920x1080.jpg&pid=hp
20210422,位于阿肯色州和密西西比州交界处的密西西比河,http://cn.bing.com//th?id=OHR.MississippiRiver_ZH-CN5718433026_1920x1080.jpg&rf=LaDigue_1920x1080.jpg&pid=hp
20210423,贝图瑟科伊德的Fairy Glen，英国威尔士,http://cn.bing.com//th?id=OHR.MossyCanyon_ZH-CN7931722740_1920x1080.jpg&rf=LaDigue_1920x1080.jpg&pid=hp
20210424,约书亚树国家公园中的仙人掌花园，加利福尼亚,http://cn.bing.com//th?id=OHR.ChollaGarden_ZH-CN8015525891_1920x1080.jpg&rf=LaDigue_1920x1080.jpg&pid=hp
20210425,从冰山跃入水中的阿德利企鹅，南极,http://cn.bing.com//th?id=OHR.AdelieDiving_ZH-CN8185853655_1920x1080.jpg&rf=LaDigue_1920x1080.jpg&pid=hp
20210426,文斯利代尔，英格兰约克郡谷地国家公园,http://cn.bing.com//th?id=OHR.Wensleydale_ZH-CN8417818046_1920x1080.jpg&rf=LaDigue_1920x1080.jpg&pid=hp
20210427,Sandilands省级森林中被白霜覆盖的番红花，加拿大曼尼托巴,http://cn.bing.com//th?id=OHR.PrairieCrocus_ZH-CN8496150014_1920x1080.jpg&rf=LaDigue_1920x1080.jpg&pid=hp
20210428,大萨尔提岛上的北方塘鹅，爱尔兰,http://cn.bing.com//th?id=OHR.GannetsSaltee_ZH-CN8581602122_1920x1080.jpg&rf=LaDigue_1920x1080.jpg&pid=hp
20210429,鸟瞰Mockhorn岛野生动植物管理区沼泽地内的潮汐通道，弗吉尼亚,http://cn.bing.com//th?id=OHR.Mockhorn_ZH-CN8692203286_1920x1080.jpg&rf=LaDigue_1920x1080.jpg&pid=hp
20210430,处于美轮美奂的光影中的圣米歇尔山,http://cn.bing.com//th?id=OHR.MontStMich_ZH-CN8844280566_1920x1080.jpg&rf=LaDigue_1920x1080.jpg&pid=hp
20210501,金门公园中日本茶园里盛开的樱花，加州旧金山,http://cn.bing.com//th?id=OHR.GGTeaGarden_ZH-CN8933043250_1920x1080.jpg&rf=LaDigue_1920x1080.jpg&pid=hp
20210502,Rietvlei自然保护区内的雄性布氏斑马，南非,http://cn.bing.com//th?id=OHR.LaughingZebras_ZH-CN9034706837_1920x1080.jpg&rf=LaDigue_1920x1080.jpg&pid=hp
20210503,鸟瞰博登湖上的迈瑙岛，德国,http://cn.bing.com//th?id=OHR.InselMainauAerial_ZH-CN9105248103_1920x1080.jpg&rf=LaDigue_1920x1080.jpg&pid=hp
20210504,正爬上唐娜・诺克沙滩的灰海豹，英格兰北林肯郡,http://cn.bing.com//th?id=OHR.StarWarsSeal_ZH-CN9173208926_1920x1080.jpg&rf=LaDigue_1920x1080.jpg&pid=hp
20210505,乔鲁拉大金字塔，墨西哥乔鲁拉,http://cn.bing.com//th?id=OHR.Cholula_ZH-CN9284459784_1920x1080.jpg&rf=LaDigue_1920x1080.jpg&pid=hp
20210506,托塞加尔瀑布，印度马哈拉施特拉邦,http://cn.bing.com//th?id=OHR.ThosegharWaterfalls_ZH-CN9371597122_1920x1080.jpg&rf=LaDigue_1920x1080.jpg&pid=hp
20210507,穆斯黑德湖附近的Norcross Brook河与湿地，缅因州皮斯卡特奎斯,http://cn.bing.com//th?id=OHR.MaineWetland_ZH-CN7884780461_1920x1080.jpg&rf=LaDigue_1920x1080.jpg&pid=hp
20210508,黑尾塍鹬，荷兰,http://cn.bing.com//th?id=OHR.LimosaLimosa_ZH-CN8008396927_1920x1080.jpg&rf=LaDigue_1920x1080.jpg&pid=hp
20210509,海獭妈妈和新生的幼崽，加利福尼亚州蒙特雷湾,http://cn.bing.com//th?id=OHR.OtterMom_ZH-CN8463720387_1920x1080.jpg&rf=LaDigue_1920x1080.jpg&pid=hp
20210510,米斯巴赫的郁金香田，德国巴伐利亚州,http://cn.bing.com//th?id=OHR.TulpenMiesbach_ZH-CN8593652929_1920x1080.jpg&rf=LaDigue_1920x1080.jpg&pid=hp
20210511,格林内尔湖，蒙大拿州冰川国家公园,http://cn.bing.com//th?id=OHR.GrinnellGlacier_ZH-CN8835275566_1920x1080.jpg&rf=LaDigue_1920x1080.jpg&pid=hp
20210512,香浓河对岸的景色，爱尔兰利默里克,http://cn.bing.com//th?id=OHR.LimerickDay_ZH-CN8991034176_1920x1080.jpg&rf=LaDigue_1920x1080.jpg&pid=hp
20210513,美瑛町的四季彩之丘，日本,http://cn.bing.com//th?id=OHR.ShikisaiBiei_ZH-CN9063139813_1920x1080.jpg&rf=LaDigue_1920x1080.jpg&pid=hp
20210514,上弗洛雷斯塔附近晨雾中亚马逊雨林，巴西马托格罗索,http://cn.bing.com//th?id=OHR.AltaFloresta_ZH-CN9153671055_1920x1080.jpg&rf=LaDigue_1920x1080.jpg&pid=hp
20210515,帕瑞纳天文台的望远镜和星迹，智利阿塔卡马沙漠,http://cn.bing.com//th?id=OHR.ParanalStars_ZH-CN9247250519_1920x1080.jpg&rf=LaDigue_1920x1080.jpg&pid=hp
20210516,鸟瞰瓜塔佩巨岩，哥伦比亚瓜塔佩,http://cn.bing.com//th?id=OHR.Guatape_ZH-CN9344556154_1920x1080.jpg&rf=LaDigue_1920x1080.jpg&pid=hp
20210517,奥勒松，挪威,http://cn.bing.com//th?id=OHR.Alesund_ZH-CN9437421934_1920x1080.jpg&rf=LaDigue_1920x1080.jpg&pid=hp
20210518,西孟加拉邦的双角犀鸟，印度,http://cn.bing.com//th?id=OHR.GreatHornbill_ZH-CN9550236034_1920x1080.jpg&rf=LaDigue_1920x1080.jpg&pid=hp
20210519,飘落的杜鹃花瓣铺在Grassy Ridge Bald山的小径上，北卡罗莱纳州皮斯加国家森林,http://cn.bing.com//th?id=OHR.RoanRhododendron_ZH-CN6519978283_1920x1080.jpg&rf=LaDigue_1920x1080.jpg&pid=hp
20210520,巴特米尔湖上的落日 ，英格兰湖区,http://cn.bing.com//th?id=OHR.ButtermereSunset_ZH-CN9706111376_1920x1080.jpg&rf=LaDigue_1920x1080.jpg&pid=hp
20210521,春季迁徙时正准备起飞的美洲鹤，南达科他州,http://cn.bing.com//th?id=OHR.WhoopingCranes_ZH-CN1637048842_1920x1080.jpg&rf=LaDigue_1920x1080.jpg&pid=hp
20210522,由中世纪的城墙包围着的市镇，西班牙滨海托萨,http://cn.bing.com//th?id=OHR.CapeofTossa_ZH-CN1743321499_1920x1080.jpg&rf=LaDigue_1920x1080.jpg&pid=hp
20210523,纽约公共图书馆总部翻新后的玫瑰主阅览室，纽约市,http://cn.bing.com//th?id=OHR.RoseRoom_ZH-CN1841119971_1920x1080.jpg&rf=LaDigue_1920x1080.jpg&pid=hp
20210524,由丹麦建筑师Niels Povlsgaard和JohanGj des设计的无限桥，丹麦奥胡斯,http://cn.bing.com//th?id=OHR.AarhusInfinite_ZH-CN1981168082_1920x1080.jpg&rf=LaDigue_1920x1080.jpg&pid=hp
20210525,在多米尼加罗索海岸附近的抹香鲸，加勒比海,http://cn.bing.com//th?id=OHR.TowelDay_ZH-CN2107057381_1920x1080.jpg&rf=LaDigue_1920x1080.jpg&pid=hp
20210526,2015年4月4日摄于Tear Drop Arch附近的月全食，犹他州纪念碑谷,http://cn.bing.com//th?id=OHR.TearDropEclipse_ZH-CN2282761840_1920x1080.jpg&rf=LaDigue_1920x1080.jpg&pid=hp
20210527,马哈拉施特拉邦的Varandha Ghat，印度,http://cn.bing.com//th?id=OHR.VarandhaGhat_ZH-CN1268827595_1920x1080.jpg&rf=LaDigue_1920x1080.jpg&pid=hp
20210528,装有褐头牛鹂的蛋的旅鸫巢,http://cn.bing.com//th?id=OHR.CowbirdsEgg_ZH-CN2642512087_1920x1080.jpg&rf=LaDigue_1920x1080.jpg&pid=hp
20210529,武侯祠内红墙和竹林掩映下的小巷，中国成都,http://cn.bing.com//th?id=OHR.RedAlley_ZH-CN2795378972_1920x1080.jpg&rf=LaDigue_1920x1080.jpg&pid=hp
20210530,海峡群岛附近巨藻林中的加利福尼亚海狮,http://cn.bing.com//th?id=OHR.SeaDog_ZH-CN2900177328_1920x1080.jpg&rf=LaDigue_1920x1080.jpg&pid=hp
20210601,鸟瞰罗卡附近的Grotta della Poesia，意大利莱切,http://cn.bing.com//th?id=OHR.PoetrysCave_ZH-CN3196193909_1920x1080.jpg&rf=LaDigue_1920x1080.jpg&pid=hp
20210602,埃托沙国家公园内一处水坑附近的跳羚，纳米比亚,http://cn.bing.com//th?id=OHR.EstoshaSpringbok_ZH-CN3452100881_1920x1080.jpg&rf=LaDigue_1920x1080.jpg&pid=hp
20210603,斯洛文尼亚索奇河上的木制吊桥上骑自行车的人的鸟瞰图,http://cn.bing.com//th?id=OHR.SocaCycles_ZH-CN3583247274_1920x1080.jpg&rf=LaDigue_1920x1080.jpg&pid=hp
20210604,法国西南部阿卡雄湾的皮拉沙丘,http://cn.bing.com//th?id=OHR.Pilat_ZH-CN0091553547_1920x1080.jpg&rf=LaDigue_1920x1080.jpg&pid=hp
20210605,La Selva生物站热带雨林树冠上的黑嘴巨嘴鸟，哥斯达黎加,http://cn.bing.com//th?id=OHR.ToucanRainforest_ZH-CN0522556036_1920x1080.jpg&rf=LaDigue_1920x1080.jpg&pid=hp
20210606,阿罗芒什莱班的桑树港，法国诺曼底,http://cn.bing.com//th?id=OHR.ArromanchesLesBains_ZH-CN0631947158_1920x1080.jpg&rf=LaDigue_1920x1080.jpg&pid=hp
20210607,向日葵上的靛蓝彩旗鸟,http://cn.bing.com//th?id=OHR.BuntingBird_ZH-CN0707942842_1920x1080.jpg&rf=LaDigue_1920x1080.jpg&pid=hp
20210608,加利福尼亚湾中数千条杰克鱼成群游动，墨西哥普尔莫角国家公园,http://cn.bing.com//th?id=OHR.CortezJacks_ZH-CN1619906832_1920x1080.jpg&rf=LaDigue_1920x1080.jpg&pid=hp
20210609,埃尔瓦什附近的格拉萨圣母堡，葡萄牙,http://cn.bing.com//th?id=OHR.ForteNossa_ZH-CN2163490377_1920x1080.jpg&rf=LaDigue_1920x1080.jpg&pid=hp
20210610,2012年5月20日新墨西哥上空的日环食,http://cn.bing.com//th?id=OHR.AnnularEclipse_ZH-CN2345201060_1920x1080.jpg&rf=LaDigue_1920x1080.jpg&pid=hp
20210611,格伦・埃蒂夫盛开着石南花的小湖，苏格兰,http://cn.bing.com//th?id=OHR.GlenEtive_ZH-CN2562811591_1920x1080.jpg&rf=LaDigue_1920x1080.jpg&pid=hp
20210612,大弯国家公园中里奥格兰德河的景色，德克萨斯州,http://cn.bing.com//th?id=OHR.BBNPGrande_ZH-CN4071551965_1920x1080.jpg&rf=LaDigue_1920x1080.jpg&pid=hp
20210613,北方针叶林中的欧洲棕熊幼崽，芬兰,http://cn.bing.com//th?id=OHR.FinlandBrownBear_ZH-CN5507007611_1920x1080.jpg&rf=LaDigue_1920x1080.jpg&pid=hp
20210614,【端午安康】 （   	Shutterstock ）,http://cn.bing.com//th?id=OHR.DragonBoatFestival2021_ZH-CN2761776128_1920x1080.jpg&rf=LaDigue_1920x1080.jpg&pid=hp
20210615,鸟瞰皮纳图博火山湖和山脉，菲律宾波拉克,http://cn.bing.com//th?id=OHR.LakePinatubo_ZH-CN5947011761_1920x1080.jpg&rf=LaDigue_1920x1080.jpg&pid=hp
20210616,正在潜水的绿P龟，澳大利亚大堡礁,http://cn.bing.com//th?id=OHR.GBRTurtle_ZH-CN6069093254_1920x1080.jpg&rf=LaDigue_1920x1080.jpg&pid=hp
20210617,Nā pali海岸上的Bright Eye海蚀洞，夏威夷考艾岛,http://cn.bing.com//th?id=OHR.BrightEye_ZH-CN6196887876_1920x1080.jpg&rf=LaDigue_1920x1080.jpg&pid=hp
20210618,Aerial view of Chapel Bridge over the river Reuss in Lucerne, Switzerland,http://cn.bing.com//th?id=OHR.ReussRiver_ZH-CN5897721217_1920x1080.jpg&rf=LaDigue_1920x1080.jpg&pid=hp
20210619,在伯利角冲浪的人们，澳大利亚黄金海岸,http://cn.bing.com//th?id=OHR.BurleighHeads_ZH-CN6052781534_1920x1080.jpg&rf=LaDigue_1920x1080.jpg&pid=hp
20210620,育空河附近巢穴中的一对白头海雕和雏鹰，加拿大育空,http://cn.bing.com//th?id=OHR.FatherEagle_ZH-CN6127856255_1920x1080.jpg&rf=LaDigue_1920x1080.jpg&pid=hp
20210621,纳库鲁湖国家公园中的罗氏长颈鹿，肯尼亚,http://cn.bing.com//th?id=OHR.RothschildGiraffe_ZH-CN9266877986_1920x1080.jpg&rf=LaDigue_1920x1080.jpg&pid=hp
20210622,塞里雅兰瀑布后的午夜太阳，冰岛南海岸附近,http://cn.bing.com//th?id=OHR.SouthCoast_ZH-CN9438294266_1920x1080.jpg&rf=LaDigue_1920x1080.jpg&pid=hp
20210623,日南市的萤火虫，日本鸟取县,http://cn.bing.com//th?id=OHR.Nichinan_ZH-CN9549208263_1920x1080.jpg&rf=LaDigue_1920x1080.jpg&pid=hp
20210624,德纳利国家公园和自然保护区的驯鹿，阿拉斯加,http://cn.bing.com//th?id=OHR.DenaliCaribou_ZH-CN9804350098_1920x1080.jpg&rf=LaDigue_1920x1080.jpg&pid=hp
20210625,皇辉蜂鸟和蜜蜂，哥伦比亚,http://cn.bing.com//th?id=OHR.Heliodoxa_ZH-CN9872355419_1920x1080.jpg&rf=LaDigue_1920x1080.jpg&pid=hp
20210626,Kamikōchi, Nagano Prefecture, Japan,http://cn.bing.com//th?id=OHR.Kamikouchi_ZH-CN5677161294_1920x1080.jpg&rf=LaDigue_1920x1080.jpg&pid=hp
20210627,大型火烈鸟迁徙到淡水区，印度,http://cn.bing.com//th?id=OHR.GreaterFlamingosIndia_ZH-CN5655181892_1920x1080.jpg&rf=LaDigue_1920x1080.jpg&pid=hp
20210628,戈佐岛上的Cittadella城堡,马耳他,http://cn.bing.com//th?id=OHR.Cittadella_ZH-CN0039969121_1920x1080.jpg&rf=LaDigue_1920x1080.jpg&pid=hp
20210629,拉迪格岛德阿让海滩上的岩石，塞舌尔,http://cn.bing.com//th?id=OHR.RocksSeychelles_ZH-CN0105602892_1920x1080.jpg&rf=LaDigue_1920x1080.jpg&pid=hp
20210630,薰衣草田，英国牛津,http://cn.bing.com//th?id=OHR.LavenderBlooms_ZH-CN5541892943_1920x1080.jpg&rf=LaDigue_1920x1080.jpg&pid=hp
20210701,Ardnamurchan半岛, 苏格兰高地,http://cn.bing.com//th?id=OHR.PortuairkBay_ZH-CN5255529820_1920x1080.jpg&rf=LaDigue_1920x1080.jpg&pid=hp
20210702,A meerkat in Namibia,http://cn.bing.com//th?id=OHR.ShyFive_ZH-CN0542113860_1920x1080.jpg&rf=LaDigue_1920x1080.jpg&pid=hp
20210703,瓦卡托比国家公园，印度尼西亚,http://cn.bing.com//th?id=OHR.WakatobiNP_ZH-CN0672859436_1920x1080.jpg&rf=LaDigue_1920x1080.jpg&pid=hp
20210704,阿尔高阿尔卑斯山脉的Schrecksee湖，德国巴伐利亚,http://cn.bing.com//th?id=OHR.LakeSchreckseeBY_ZH-CN0786328970_1920x1080.jpg&rf=LaDigue_1920x1080.jpg&pid=hp
20210705,Serra da Malagueta山脉，佛得角圣地亚哥岛,http://cn.bing.com//th?id=OHR.SerraMalagueta_ZH-CN4592152973_1920x1080.jpg&rf=LaDigue_1920x1080.jpg&pid=hp
20210706,茶色蟆口鸱雏鸟，澳大利亚,http://cn.bing.com//th?id=OHR.TawnyFrogmouth_ZH-CN4722501936_1920x1080.jpg&rf=LaDigue_1920x1080.jpg&pid=hp
20210707,乌鲁米耶湖中的岩层，伊朗,http://cn.bing.com//th?id=OHR.LakeUrmia_ZH-CN4941337431_1920x1080.jpg&rf=LaDigue_1920x1080.jpg&pid=hp
20210708,阿巴拉契亚国家步道,新泽西州斯托克斯州立森林,http://cn.bing.com//th?id=OHR.AppalachianTrail_ZH-CN5076145300_1920x1080.jpg&rf=LaDigue_1920x1080.jpg&pid=hp
20210709,奥提伽，西西里岛锡拉库萨海岸附近的小岛，意大利,http://cn.bing.com//th?id=OHR.Ortygia_ZH-CN5237934114_1920x1080.jpg&rf=LaDigue_1920x1080.jpg&pid=hp
20210710,塔霍河上空的银河，西班牙蒙弗拉圭国家公园,http://cn.bing.com//th?id=OHR.MonfragueNationalPark_ZH-CN5421553314_1920x1080.jpg&rf=LaDigue_1920x1080.jpg&pid=hp
20210711,螺旋状芦荟,http://cn.bing.com//th?id=OHR.SpiralAloe_ZH-CN5594814833_1920x1080.jpg&rf=LaDigue_1920x1080.jpg&pid=hp
20210713,驼鹿穿过莫兰山下的池塘，怀俄明州大提顿国家公园,http://cn.bing.com//th?id=OHR.MooseVelvet_ZH-CN5891459899_1920x1080.jpg&rf=LaDigue_1920x1080.jpg&pid=hp
20210714,大溪地海岸附近的乌翅真鲨，法属波利尼西亚,http://cn.bing.com//th?id=OHR.SharkAwareness_ZH-CN6069597614_1920x1080.jpg&rf=LaDigue_1920x1080.jpg&pid=hp
20210715,Ngo Dong河两岸的稻田美景，越南宁平省,http://cn.bing.com//th?id=OHR.NgoDong_ZH-CN6211342982_1920x1080.jpg&rf=LaDigue_1920x1080.jpg&pid=hp
20210716,Mont Choisy Beach, Mauritius,http://cn.bing.com//th?id=OHR.MontChoisy_ZH-CN5381112230_1920x1080.jpg&rf=LaDigue_1920x1080.jpg&pid=hp
20210717,A Loepa oberthuri moth,http://cn.bing.com//th?id=OHR.LoepaOberthuri_ZH-CN6569643505_1920x1080.jpg&rf=LaDigue_1920x1080.jpg&pid=hp
20210718,Zinnowitz pier on Usedom island in the Baltic Sea, Germany,http://cn.bing.com//th?id=OHR.ZinnowitzSeebruecke_ZH-CN6706198565_1920x1080.jpg&rf=LaDigue_1920x1080.jpg&pid=hp
20210719,麦地那的彩色小巷， 摩洛哥得土安市,http://cn.bing.com//th?id=OHR.Tetouan_ZH-CN6795834080_1920x1080.jpg&rf=LaDigue_1920x1080.jpg&pid=hp
20210720,月球的高清合成影像,http://cn.bing.com//th?id=OHR.PrathameshJaju_ZH-CN2207606082_1920x1080.jpg&rf=LaDigue_1920x1080.jpg&pid=hp
20210721,山脉中的朱砂湖，加拿大落基山脉,http://cn.bing.com//th?id=OHR.VermilionLakes_ZH-CN3446257764_1920x1080.jpg&rf=LaDigue_1920x1080.jpg&pid=hp
20210722,伊豆半岛海岸附近的 Minokake-Iwa 奇岩群，日本,http://cn.bing.com//th?id=OHR.MinokakeRocks_ZH-CN2474262090_1920x1080.jpg&rf=LaDigue_1920x1080.jpg&pid=hp
20210723,东京塔，日本东京都港区,http://cn.bing.com//th?id=OHR.TokyoMetropolis_ZH-CN2580870845_1920x1080.jpg&rf=LaDigue_1920x1080.jpg&pid=hp
20210724,Javan tree frogs sitting together on a stalk in Indonesia,http://cn.bing.com//th?id=OHR.JavanCousins_ZH-CN2694602511_1920x1080.jpg&rf=LaDigue_1920x1080.jpg&pid=hp
20210725,皮丘拉湖畔的乌代布尔城市宫殿，印度,http://cn.bing.com//th?id=OHR.CityPalaceUdaipur_ZH-CN2773121437_1920x1080.jpg&rf=LaDigue_1920x1080.jpg&pid=hp
20210726,Walakiri海滩的红树林，印度尼西亚松巴岛,http://cn.bing.com//th?id=OHR.DancingTrees_ZH-CN2946844631_1920x1080.jpg&rf=LaDigue_1920x1080.jpg&pid=hp
20210727,密歇根湖畔的阿德勒天文馆， 芝加哥伊利诺伊州,http://cn.bing.com//th?id=OHR.AdlerPlanetarium_ZH-CN3108653374_1920x1080.jpg&rf=LaDigue_1920x1080.jpg&pid=hp
20210728,珊瑚礁周围的丝鳍拟花l鱼群，澳大利亚昆士兰大堡礁,http://cn.bing.com//th?id=OHR.SeaGoldie_ZH-CN3208818667_1920x1080.jpg&rf=LaDigue_1920x1080.jpg&pid=hp
20210730,阿卡迪亚国家公园里的水獭悬崖，缅因州,http://cn.bing.com//th?id=OHR.OtterCliff_ZH-CN3062794263_1920x1080.jpg&rf=LaDigue_1920x1080.jpg&pid=hp
20210731,姆科马齐国家公园的北部胭脂红食蜂鸟和欧洲食蜂鸟，坦桑尼亚,http://cn.bing.com//th?id=OHR.TanzaniaBeeEater_ZH-CN3246625733_1920x1080.jpg&rf=LaDigue_1920x1080.jpg&pid=hp
20210801,东洛锡安的金黄麦田，苏格兰,http://cn.bing.com//th?id=OHR.LammasDay_ZH-CN4229387191_1920x1080.jpg&rf=LaDigue_1920x1080.jpg&pid=hp
20210802,圆顶礁国家公园的大教堂谷，犹他州,http://cn.bing.com//th?id=OHR.UpperCathedral_ZH-CN4349673438_1920x1080.jpg&rf=LaDigue_1920x1080.jpg&pid=hp
20210803,蒙特城堡，意大利普利亚大区,http://cn.bing.com//th?id=OHR.CasteldelMonte_ZH-CN4436589634_1920x1080.jpg&rf=LaDigue_1920x1080.jpg&pid=hp
20210804,云豹,http://cn.bing.com//th?id=OHR.Neofelis_ZH-CN4637223865_1920x1080.jpg&rf=LaDigue_1920x1080.jpg&pid=hp
20210805,波白克岛的小尖塔岩石，英格兰多塞特,http://cn.bing.com//th?id=OHR.DorsetPinnacles_ZH-CN2764578102_1920x1080.jpg&rf=LaDigue_1920x1080.jpg&pid=hp
20210806,从索尔兹伯里的峭壁上俯瞰爱丁堡，苏格兰荷里路德公园,http://cn.bing.com//th?id=OHR.SalisburyCrags_ZH-CN4712204475_1920x1080.jpg&rf=LaDigue_1920x1080.jpg&pid=hp
20210807,乌尤尼盐沼上的锥形盐堆，玻利维亚,http://cn.bing.com//th?id=OHR.SaltCones_ZH-CN4825397608_1920x1080.jpg&rf=LaDigue_1920x1080.jpg&pid=hp
20210808,伊丽莎白女皇码头桥，澳大利亚珀斯,http://cn.bing.com//th?id=OHR.QuayBridge_ZH-CN4900551209_1920x1080.jpg&rf=LaDigue_1920x1080.jpg&pid=hp
20210809,雕刻师在矿山湾创作的岩雕作品，新西兰北岛陶波湖,http://cn.bing.com//th?id=OHR.MineBay_ZH-CN4962056960_1920x1080.jpg&rf=LaDigue_1920x1080.jpg&pid=hp
20210810,纳汉尼国家公园保护区的鸟瞰图，加拿大西北部,http://cn.bing.com//th?id=OHR.NahanniNP_ZH-CN2848117800_1920x1080.jpg&rf=LaDigue_1920x1080.jpg&pid=hp
20210811,拍摄于二连浩特恐龙博物馆中的英仙座流星雨，中国内蒙古,http://cn.bing.com//th?id=OHR.DinoShower_ZH-CN1791773864_1920x1080.jpg&rf=LaDigue_1920x1080.jpg&pid=hp
20210812,奥卡万戈三角洲上的非洲草原象群，博茨瓦纳,http://cn.bing.com//th?id=OHR.OkavangoHerd_ZH-CN1931628892_1920x1080.jpg&rf=LaDigue_1920x1080.jpg&pid=hp
20210813,安斯海滩上的角眼沙蟹，塞舌尔普拉兰岛,http://cn.bing.com//th?id=OHR.Southpaw_ZH-CN0080320297_1920x1080.jpg&rf=LaDigue_1920x1080.jpg&pid=hp
20210814,死亡谷国家公园里的优比喜比火山口，加利福尼亚州,http://cn.bing.com//th?id=OHR.UbehebeCrater_ZH-CN0157876978_1920x1080.jpg&rf=LaDigue_1920x1080.jpg&pid=hp
20210815,苏黎世湖岸边的室外游泳池，瑞士,http://cn.bing.com//th?id=OHR.StrandbadTiefenbrunnen_ZH-CN0240023450_1920x1080.jpg&rf=LaDigue_1920x1080.jpg&pid=hp
20210816,落日时分的香巴拉过山车剪影，西班牙塔拉戈纳萨洛,http://cn.bing.com//th?id=OHR.PortAventura_ZH-CN0298709661_1920x1080.jpg&rf=LaDigue_1920x1080.jpg&pid=hp
20210817,天堂之路，新泽西州瓦瓦安达州立公园,http://cn.bing.com//th?id=OHR.PochuckValley_ZH-CN0432836291_1920x1080.jpg&rf=LaDigue_1920x1080.jpg&pid=hp
20210818,杜布罗夫尼克老城，克罗地亚,http://cn.bing.com//th?id=OHR.RedRoofTile_ZH-CN0528575898_1920x1080.jpg&rf=LaDigue_1920x1080.jpg&pid=hp
20210819,巨型海洋蝠鲼和摄影师，澳大利亚宁格罗海岸,http://cn.bing.com//th?id=OHR.GiantManta_ZH-CN0594951444_1920x1080.jpg&rf=LaDigue_1920x1080.jpg&pid=hp
20210820,位于阿曼和迪拜酋长国边界的鲁卜哈利沙漠,http://cn.bing.com//th?id=OHR.EmptyQuarter_ZH-CN0670918289_1920x1080.jpg&rf=LaDigue_1920x1080.jpg&pid=hp
20210821,港边的小米努灯塔，法国布雷斯特,http://cn.bing.com//th?id=OHR.PetitMinou_ZH-CN0758401900_1920x1080.jpg&rf=LaDigue_1920x1080.jpg&pid=hp
20210822,奥林匹克海岸国家海洋保护区的海岸线，美国华盛顿州,http://cn.bing.com//th?id=OHR.OlympicCoast_ZH-CN0827844876_1920x1080.jpg&rf=LaDigue_1920x1080.jpg&pid=hp
20210823,浅水滩上的小蓝鹭，古巴,http://cn.bing.com//th?id=OHR.LittleBlueHeron_ZH-CN0892428603_1920x1080.jpg&rf=LaDigue_1920x1080.jpg&pid=hp
20210824,排成篱笆模样的旧滑板，夏威夷毛伊岛,http://cn.bing.com//th?id=OHR.HippieTown_ZH-CN0980866245_1920x1080.jpg&rf=LaDigue_1920x1080.jpg&pid=hp
20210825,美国大峡谷北缘的天使之窗，亚利桑那州,http://cn.bing.com//th?id=OHR.WalhallaOverlook_ZH-CN1059655401_1920x1080.jpg&rf=LaDigue_1920x1080.jpg&pid=hp
20210826,一只海蛞蝓正在进食银币水母，澳大利亚新南威尔士州,http://cn.bing.com//th?id=OHR.SeaSwallow_ZH-CN1134903878_1920x1080.jpg&rf=LaDigue_1920x1080.jpg&pid=hp
20210827,镶嵌在巨石之间的石屋，葡萄牙,http://cn.bing.com//th?id=OHR.FlintstoneHouse_ZH-CN0784178650_1920x1080.jpg&rf=LaDigue_1920x1080.jpg&pid=hp
20210828,红嘴牛椋鸟和高角羚， 南非姆普马兰加省,http://cn.bing.com//th?id=OHR.Mpumalanga_ZH-CN9666962271_1920x1080.jpg&rf=LaDigue_1920x1080.jpg&pid=hp
20210829,Ruskeala山地公园的地下湖， 俄罗斯卡累利阿,http://cn.bing.com//th?id=OHR.Ruskeala_ZH-CN0059931600_1920x1080.jpg&rf=LaDigue_1920x1080.jpg&pid=hp
20210830,菲律宾马荣山的火山口冒烟,http://cn.bing.com//th?id=OHR.MayonVolcano_ZH-CN0183039911_1920x1080.jpg&rf=LaDigue_1920x1080.jpg&pid=hp
20210831,杜德维卡塔拉大桥，黑山,http://cn.bing.com//th?id=OHR.DjurdjevicaBridge_ZH-CN0284105882_1920x1080.jpg&rf=LaDigue_1920x1080.jpg&pid=hp
20210901,一朵牛肝菌,http://cn.bing.com//th?id=OHR.Porcini_ZH-CN0462290460_1920x1080.jpg&rf=LaDigue_1920x1080.jpg&pid=hp
20210902,弗拉维亚港，意大利撒丁岛,http://cn.bing.com//th?id=OHR.PortoFlavia_ZH-CN0573894597_1920x1080.jpg&rf=LaDigue_1920x1080.jpg&pid=hp
20210903,比斯蒂荒野上的“外星孵化场”，新墨西哥州,http://cn.bing.com//th?id=OHR.AlienEggs_ZH-CN0732640719_1920x1080.jpg&rf=LaDigue_1920x1080.jpg&pid=hp
20210904,静立枝头的朱红蜂鸟,http://cn.bing.com//th?id=OHR.AnnasHummingbird_ZH-CN0832228710_1920x1080.jpg&rf=LaDigue_1920x1080.jpg&pid=hp
